diab,D02.455.426.559.847.117
diab,D02.455.426.392.368.284
diab,D03.633.100.473
diab,D02.886.369
diab,D03.633.100.473
diab,D02.886.369
diab,D03.633.100.473
diab,D02.886.369
diab,D03.633.100.473
diab,D02.886.369
diab,D03.132.151
diab,Y03.020
diab,D03.132.151
diab,Y03.020
diab,D03.132.151
diab,Y03.020
diab,D03.132.151
diab,Y03.020
diab,D03.132.151
diab,Y03.020
diab,D03.132.151
diab,Y03.020
diab,D03.383.663.283
diab,D03.383.663.283
diab,D03.383.663.283
diab,D03.383.663.283
diab,D03.383.663.283
diab,D03.383.663.283
diab,D03.383.663.283
diab,D02.705
diab,D02.806.250.900
diab,Y03.020
diab,D02.705
diab,D02.806.250.900
diab,Y03.020
diab,D02.705
diab,D02.806.250.900
diab,Y03.020
diab,D02.705
diab,D02.806.250.900
diab,Y03.020
diab,D02.705
diab,D02.806.250.900
diab,Y03.020
diab,D02.705
diab,D02.806.250.900
diab,Y03.020
diab,D02.705
diab,D02.806.250.900
diab,Y03.020
diab,D02.705
diab,D02.806.250.900
diab,Y03.020
diab,D02.705
diab,D02.806.250.900
diab,Y03.020
diab,D02.705
diab,D02.806.250.900
diab,Y03.020
diab,D02.705
diab,D02.806.250.900
diab,Y03.020
