diarrhea,D03.633.100.473
diarrhea,D02.355.601.200
diarrhea,D03.633.100.473
diarrhea,D04.210.500.247.222.474
diarrhea,D02.092.782.258.368.257
diarrhea,Y03.020
diarrhea,D02.092.782.258.368.257
diarrhea,Y03.020
diarrhea,D02.455.426.779
diarrhea,D02.886.675.867
diarrhea,D02.092.146.651
diarrhea,D01.928
diarrhea,D02.886.778
diarrhea,D01.928
diarrhea,D02.886.778
diarrhea,D10.251.355.255.550.200.200
diarrhea,Y03.020
diarrhea,D10.251.355.255.550.200.200
diarrhea,Y03.020
diarrhea,D10.251.355.255.550.200.200
diarrhea,Y03.020
diarrhea,D10.251.355.255.550.200.200
diarrhea,Y03.020
diarrhea,D02.455.326.146.485
diarrhea,D13.695.065
diarrhea,D03.383.742.686.246.370
diarrhea,Y03.020
diarrhea,D03.383.742.698.875.404
diarrhea,Y03.020
diarrhea,D02.455.326.146.672
diarrhea,D02.455.326.146.800
diarrhea,Y03.020
diarrhea,D02.455.426.559.847.799
diarrhea,D02.455.426.559.847.799
diarrhea,D02.455.426.559.847.799
diarrhea,D02.033.800.875.875.750
diarrhea,E02.183.750.500
diarrhea,D03.383.742.698.875.404.850
diarrhea,D03.383.742.698.875
diarrhea,D03.633.100.473
diarrhea,D02.886.675
diarrhea,D02.033.260.350
diarrhea,Y03.020
diarrhea,D02.355.726.601
diarrhea,D02.355.726.601
diarrhea,D02.355.726.601
diarrhea,D03.383.663.283.240
diarrhea,D03.383.663.283.266.450
diarrhea,D03.383.663.283.266.450
diarrhea,D02.455.426.559.389.657
diarrhea,D04.210.500.247.222.284.800.500
diarrhea,D02.309.750
diarrhea,D02.309.750
diarrhea,D02.309.750
diarrhea,D02.309.750
diarrhea,D02.309.750
diarrhea,D03.633.100.127
diarrhea,D03.633.100.127
diarrhea,D02.540.150
diarrhea,Y03.020
diarrhea,D02.455.426.559.389.140.450
diarrhea,D02.522.720
diarrhea,D02.522.720
diarrhea,D02.309.750
diarrhea,D02.309.750
diarrhea,D02.309.750
diarrhea,D02.309.750
diarrhea,D04.210.500.247.222.474
diarrhea,D02.092.146.651
diarrhea,D02.455.426.559.389.565.225
diarrhea,D02.455.426.559.389.565.225
diarrhea,D02.455.426.559.389.565.225
diarrhea,D03.383.663.283.266
diarrhea,D03.383.533.640
diarrhea,D02.309.750
diarrhea,D03.383.129.308
diarrhea,D03.383.710
diarrhea,D02.092.146.651
diarrhea,D02.455.426.559.389.565.225
diarrhea,D02.455.426.559.389.565.225
diarrhea,D02.455.426.559.389.565.225
diarrhea,D03.383.129.308
diarrhea,D02.033.100.624
diarrhea,D02.033.100.624
diarrhea,D03.633.100.857
diarrhea,D02.092.146
diarrhea,D02.047
diarrhea,D02.455.526.728.468
diarrhea,Y03.020
diarrhea,D02.455.526.728.468
diarrhea,Y03.020
diarrhea,D04.345.103.333.500
diarrhea,D02.172
diarrhea,D03.383.129.539
diarrhea,D02.092.146.651
diarrhea,D02.455.326.146.672
diarrhea,D02.455.326.146.800
diarrhea,Y03.020
diarrhea,D02.078.370
diarrhea,D02.241.081.069.600
diarrhea,D02.078.370
diarrhea,D02.241.081.069.600
diarrhea,D02.033.415.510.500
diarrhea,D02.309.750
diarrhea,D02.309.750
diarrhea,D02.309.750
diarrhea,D02.309.750
diarrhea,D02.309.750
diarrhea,D02.309.750
diarrhea,D02.092.146
diarrhea,D02.092.570.394
diarrhea,D02.626
diarrhea,D02.886.590
diarrhea,D03.383.725
diarrhea,D02.455.426.559.389.565.225
diarrhea,D02.065.199.092
diarrhea,D03.383.663.283.266.450
diarrhea,D02.455.426.559.389.948
diarrhea,D02.455.426.559.389.657
diarrhea,D03.383.129.539
diarrhea,D02.455.426.559.389.657
diarrhea,D03.383.129.539
diarrhea,D02.092.146
diarrhea,D02.092.146
diarrhea,D02.092.146
diarrhea,D03.383.129.308
diarrhea,D03.383.725
diarrhea,D03.383.129.308
diarrhea,D03.383.725
diarrhea,D02.065.277
diarrhea,D03.383.246
diarrhea,D02.065.277
diarrhea,D03.383.246
diarrhea,D02.065.277
diarrhea,D03.383.246
diarrhea,D02.065.064.150
diarrhea,Y03.020
diarrhea,D01.075
diarrhea,D02.047
diarrhea,D02.047
diarrhea,D02.047
diarrhea,D02.047
diarrhea,D02.455.426.559.389.657.166.350
diarrhea,D03.383.663.283.446.912
diarrhea,D02.092.211.215.501.621
diarrhea,D02.065.884.725.867
diarrhea,Y03.020
diarrhea,D02.455.426.559.389.657
diarrhea,D02.455.426.559.389.657
diarrhea,D02.092.146.651
diarrhea,D02.092.146.859
diarrhea,D02.092.146.859
diarrhea,D03.633.100.733.631.400.800
diarrhea,D03.383.679.149
diarrhea,Y03.020
diarrhea,D03.383.679.149
diarrhea,Y03.020
diarrhea,D03.383.129.539
diarrhea,D03.383.742
diarrhea,D03.383.129.539
diarrhea,D03.383.742
diarrhea,D03.383.129.539
diarrhea,D03.383.742
diarrhea,D03.383.663.283.240
diarrhea,D02.455.426.559.389.185.680
diarrhea,D10.212.302.380.410.210
diarrhea,D10.212.302.380.410.210
diarrhea,D04.210.500.247.222.265.450
diarrhea,D04.210.500.247.222.265.450
diarrhea,D03.132.436
diarrhea,D02.455.849.291
diarrhea,D02.065.199.092.040
diarrhea,D02.065.199.092.040
diarrhea,D02.065.199.092.040
diarrhea,D02.065.199.092.040
diarrhea,D02.065.199.092.040
diarrhea,D02.065.199.092.040
diarrhea,D02.065.199.092.040
diarrhea,D02.065.199.092.040
diarrhea,D02.065.199.092.040
diarrhea,D02.065.199.092.040
diarrhea,D02.886.675.867.060
diarrhea,D02.241.081.018.165
diarrhea,D02.092.211.111
diarrhea,D02.886.030.230.259
diarrhea,D02.886.030.230.259
diarrhea,D09.067.550.050
diarrhea,D02.455.849.291.037
diarrhea,D02.047.122
diarrhea,D02.065.122.015
diarrhea,D02.065.122.015
diarrhea,D02.065.122.015
diarrhea,D02.065.122.015
diarrhea,D02.065.122.015
diarrhea,D02.065.122.015
diarrhea,D03.633.100.759.138
diarrhea,Y03.020
diarrhea,D02.705.429
diarrhea,D03.633.100.759.590.138
diarrhea,D03.633.100.759.646.138.395
diarrhea,D03.633.100.759.646.138.395
diarrhea,D03.633.100.759.646.138.236
diarrhea,D20.280.055
diarrhea,D20.280.055
diarrhea,D02.455.426.559.389.150.700.900
diarrhea,Y03.020
diarrhea,D02.455.426.559.389.150.700.900
diarrhea,Y03.020
diarrhea,D03.383.663.283.119.075
diarrhea,D03.383.663.283.119.075
diarrhea,D03.383.663.283.119.075
diarrhea,D03.383.663.283.119.075
diarrhea,D03.383.663.283.119.075
diarrhea,D03.383.663.283.119.075
diarrhea,D03.383.663.283.119.075
diarrhea,D03.383.663.283.119.075
diarrhea,D03.383.663.283.119.075
diarrhea,D03.383.663.283.119
diarrhea,D000393
diarrhea,D000393
diarrhea,D000395
diarrhea,D000395
diarrhea,D000395
diarrhea,D02.241.081.251.022
diarrhea,D02.033
diarrhea,D02.047
diarrhea,D04.210.500.745.745.654.062
diarrhea,D04.210.500.745.745.654.062
diarrhea,D02.705.429.500.100
diarrhea,D02.705.429.500.100
diarrhea,D04.210.500.247.222.159.478
diarrhea,D02.065
diarrhea,D02.241.081.337.302
diarrhea,D02.455.426.559.389.150.795
diarrhea,D02.455.526.439.600
diarrhea,D03.383.663.283.266.450.175
diarrhea,D03.383.663.283.909.750.249
diarrhea,D01.056.025
diarrhea,D01.056.025
diarrhea,D01.268.557.050
diarrhea,D01.268.557.050
diarrhea,D01.268.557.050
diarrhea,D01.268.557.050
diarrhea,D01.045.250.050
diarrhea,D01.045.250.050
diarrhea,D02.241.511.459
diarrhea,D01.056
diarrhea,D01.056.050
diarrhea,D01.056.050
diarrhea,D01.056.050
diarrhea,D03.383.621
diarrhea,D03.383.663.283.266.450
diarrhea,D03.383.621
diarrhea,D02.455.426.100.050.035
diarrhea,D02.092.877.096.019
diarrhea,D02.705.400.625.050
diarrhea,D03.383.679.149
diarrhea,D02.241.223.100.050.300.500
diarrhea,D02.241.223.100.050.300.500
diarrhea,D03.633.100.127.075
diarrhea,D03.633.100.127.075
diarrhea,D03.633.100.127.075
diarrhea,D03.383.725.203.065
diarrhea,D01.210.450.150.050
diarrhea,D01.210.450.150.050
diarrhea,D01.210.450.150.050
diarrhea,D01.210.450.150.050
diarrhea,D01.210.450.150.050
diarrhea,D01.210.450.150.050
diarrhea,D01.210.450.150.050
diarrhea,D01.210.450.150.050
diarrhea,D01.210.450.150.050
diarrhea,D01.210.450.150.050
diarrhea,D01.210.450.150.050
diarrhea,D01.210.450.150.050
diarrhea,D01.210.450.150.050
diarrhea,D01.210.450.150.050
diarrhea,D02.455.326.271.367
diarrhea,D03.633.100.810.050.060
diarrhea,D02.065.589.099.750.750.050.050
diarrhea,D02.065.589.099.374.160.060
diarrhea,D02.540.576.500.500
diarrhea,D02.540.576.500.500
diarrhea,D04.210.500.105.225.272
diarrhea,D26.310
diarrhea,D02.065.589.099.750.750.050
diarrhea,D03.633.300.046.250.225
diarrhea,D02.092.146
diarrhea,D019380
diarrhea,D02.540.576.500.750
diarrhea,D018501
diarrhea,D018501
diarrhea,D018501
diarrhea,D018501
diarrhea,D018501
diarrhea,D018501
diarrhea,D03.383.663.283.266.450.260.110
diarrhea,D03.383.663.283.266.450.260.110
diarrhea,D10.251.355.255.100.100
diarrhea,D10.251.355.255.100
diarrhea,D01.268.513.249
diarrhea,D01.268.513.249
diarrhea,D01.268.513.249
diarrhea,D01.268.513.249
diarrhea,D01.268.513.249
diarrhea,D01.268.513.249
diarrhea,D01.268.513.249
diarrhea,D01.268.513.249
diarrhea,D01.268.513.249
diarrhea,D01.268.513.249
diarrhea,D01.268.513.249
diarrhea,D01.268.513.249
diarrhea,D01.075
diarrhea,D01.075.038
diarrhea,D01.075.038
diarrhea,D01.075.038
diarrhea,D01.075.038
diarrhea,D01.075.038
diarrhea,D01.075.038
diarrhea,D01.075.038
diarrhea,D01.075.038
diarrhea,D01.075.050
diarrhea,D01.075.050
diarrhea,D01.578.725.050
diarrhea,D01.578.725.050
diarrhea,D01.578.725.050
diarrhea,D01.578.725.050.050
diarrhea,D01.578.725.050.050
diarrhea,D01.578.725.050.050.100
diarrhea,D01.578.725.050.050.100
diarrhea,D01.578.725.050.050.100
diarrhea,D01.578.725.050.050.100
diarrhea,D02.241.081.844.107
diarrhea,D02.455.426.559.389.657.410.595.176
diarrhea,D02.455.426.559.389.657.410.595.176
diarrhea,D03.383.129.578.075
diarrhea,D03.383.129.578.075
diarrhea,D03.383.931.247
diarrhea,D03.383.931.247
diarrhea,D03.383.931.247
diarrhea,D03.383.931.247
diarrhea,D03.383.931.247
diarrhea,D02.145.074.722.229.199
diarrhea,D02.145.074.722.229.199
diarrhea,D02.691.675.249.150
diarrhea,D02.065.277.051
diarrhea,D02.145.150
diarrhea,D02.886.759.111
diarrhea,D02.886.759.111
diarrhea,D02.886.759.111
diarrhea,D02.886.759.111
diarrhea,D02.886.759.111
diarrhea,D02.886.759.111
diarrhea,D03.633.100.759.590.138
diarrhea,Y03.020
diarrhea,D02.241.223.601
diarrhea,D02.540.576.500.992.050
diarrhea,D02.540.576.500.992.050
diarrhea,D03.383.606
diarrhea,D03.383.606
diarrhea,D03.383.606
diarrhea,D02.172.080
diarrhea,D02.172.080
diarrhea,D23.946.123
diarrhea,D03.383.663.283.266.450.252
diarrhea,D02.065.277.573
diarrhea,Y03.020
diarrhea,D02.626
diarrhea,D02.886.590
diarrhea,D04.210.500.745.432.769.125
diarrhea,D04.210.500.745.432.769.125
diarrhea,D02.092.570.394
diarrhea,D02.065.884
diarrhea,D02.241.081.751
diarrhea,D02.455.426.559.847.149
diarrhea,D02.092.877.096.040
diarrhea,D03.633.100.127.110
diarrhea,D03.633.100.127.110
diarrhea,D03.633.100.127.110
diarrhea,D02.455.426.559.389.023
diarrhea,D02.455.426.559.389.023
diarrhea,D02.455.426.559.389.023
diarrhea,D02.241.223.100
diarrhea,D02.241.223.100.050.500.643
diarrhea,D03.383.663.283.266.450.175.100
diarrhea,D03.383.663.283.266.450.175.100
diarrhea,D03.383.663.283.266.450.175.100
diarrhea,D02.241.223.100.120
diarrhea,D02.455.426.559.847.799.306.300
diarrhea,D02.455.426.559.847.799.306.300
diarrhea,D02.455.426.559.847.799.306.300
diarrhea,D02.455.426.559.847.799.306.300
diarrhea,D02.455.426.559.847.799.306.300
diarrhea,D02.455.426.559.847.799.306.300
diarrhea,D02.455.426.559.847.799.306.300
diarrhea,D02.455.426.559.847.799.306.300
diarrhea,D02.455.426.559.847.799.306.300
diarrhea,D02.455.426.559.847.799.306.300
diarrhea,D02.455.426.559.847.799.306.300
diarrhea,D02.455.426.559.847.799.306.300
diarrhea,D02.455.426.559.847.799.306.400.350
diarrhea,D02.455.426.559.847.799.306.400.350
diarrhea,D02.455.426.559.847.799.306.400.350
diarrhea,D02.455.426.559.847.799.306.400.350
diarrhea,D02.455.426.559.847.799.306.400.350
diarrhea,D02.241.223.100.133
diarrhea,D12.644.456.580
diarrhea,D12.644.456.580
diarrhea,D12.644.456.580
diarrhea,D04.210.500.365.415.248
diarrhea,D04.210.500.365.415.248
diarrhea,D04.210.500.365.415.248
diarrhea,D04.210.500.365.415.248
diarrhea,D04.210.500.365.415.248
diarrhea,D04.210.500.365.415.248
diarrhea,D04.210.500.365.415.248
diarrhea,D04.210.500.365.415.248
diarrhea,D02.455.426.559.847.638.400.900
diarrhea,Y03.020
diarrhea,D04.210.500.745.432.769.199
diarrhea,D04.210.500.745.432.769.199
diarrhea,D02.455.326.271.665.202.495.150
diarrhea,D02.065.199
diarrhea,D02.626
diarrhea,D02.455.426.559.389.832.661
diarrhea,D01.200.275.150.100
diarrhea,D01.200.275.150.100
diarrhea,D01.200.275.150.100
diarrhea,D12.125.068.050
diarrhea,Y03.020
diarrhea,D03.633.100.079
diarrhea,D04.210.500.105
diarrhea,D03.383.725.220
diarrhea,D03.383.663.718
diarrhea,D01.248.497.158.952
diarrhea,D02.033.100.624.698.085
diarrhea,D02.455.426.559.389.115
diarrhea,D02.455.426.559.389.657
diarrhea,D02.455.426.559.389.115
diarrhea,D02.455.426.559.389.657
diarrhea,D02.455.426.559.389.115
diarrhea,D02.455.426.559.389.657
diarrhea,D02.455.426.559.389.115
diarrhea,D02.455.426.559.389.657
diarrhea,D02.455.426.559.389.115
diarrhea,D02.455.426.559.389.657
diarrhea,D02.455.426.559.389.115
diarrhea,D02.455.426.559.389.657
diarrhea,D02.455.426.559.389.115
diarrhea,D02.455.426.559.389.657
diarrhea,D02.455.426.559.389.115
diarrhea,D02.455.426.559.389.657
diarrhea,D02.455.426.559.389.115
diarrhea,D02.455.426.559.389.657
diarrhea,D02.455.426.559.389.115
diarrhea,D02.455.426.559.389.657
diarrhea,D02.455.426.559.389.115
diarrhea,D02.455.426.559.389.657
diarrhea,D02.455.426.559.389.115
diarrhea,D02.455.426.559.389.657
diarrhea,D02.455.426.559.389.115
diarrhea,D02.455.426.559.389.657
diarrhea,D02.455.426.559.389.115
diarrhea,D02.455.426.559.389.657
diarrhea,D02.455.426.559.389.115
diarrhea,D02.455.426.559.389.657
diarrhea,D03.383.066
diarrhea,D03.633.100.786
diarrhea,D09.400.420.110
diarrhea,D09.400.420.110
diarrhea,D09.400.420.110
diarrhea,D02.455.426.392.368.242.888
diarrhea,D01.029.260.093
diarrhea,D01.029.260.110.500
diarrhea,D01.029.260.110.500
diarrhea,D03.383.129.308
diarrhea,D03.633.100.513
diarrhea,D01.268.380.112
diarrhea,D02.241.081.018
diarrhea,D03.633.100.759.646.138.395.225
diarrhea,D04.210.500.745.745.654.105
diarrhea,D02.065.884.150
diarrhea,D02.522.818.110
diarrhea,D02.455.426.779.120
diarrhea,D02.033.455.125.125
diarrhea,D02.033.415.110.175
diarrhea,D02.033.415.110.175
diarrhea,D02.033.415.110.175
diarrhea,D02.886.030.676.620.125
diarrhea,D02.355.601.200.324
diarrhea,D02.455.426.559.389.657.239.216
diarrhea,D01.248.497.158.685.750.925
diarrhea,D01.248.497.158.685.750.925
diarrhea,D02.455.426.559.389.657
diarrhea,D02.047
diarrhea,D02.047
diarrhea,D02.241.081.114
diarrhea,D02.241.081.114
diarrhea,D02.241.223.100
diarrhea,D03.383.129.539
diarrhea,D01.268.556.137
diarrhea,D01.268.556.137
diarrhea,D01.268.556.137
diarrhea,D01.268.556.137
diarrhea,D01.142.175
diarrhea,D01.142.175
diarrhea,D01.142.175
diarrhea,D01.142.175
diarrhea,D01.142.175
diarrhea,D01.142.175
diarrhea,D01.142.175
diarrhea,D01.142.175
diarrhea,D01.248.497.158.606
diarrhea,D01.142
diarrhea,D01.810
diarrhea,D01.142
diarrhea,D01.248.497.158.845
diarrhea,D01.142
diarrhea,D02.241.223.200.054
diarrhea,D02.033.375.650
diarrhea,Y03.020
diarrhea,D02.241.223.200.054
diarrhea,D02.033.375.650
diarrhea,Y03.020
diarrhea,D03.132.960.175
diarrhea,D03.633.100.221.173
diarrhea,D12.644.456.345
diarrhea,D02.455.426.559.847.638
diarrhea,D03.132.151
diarrhea,D20.888.850
diarrhea,D03.383.742.680.245.500.425
diarrhea,D02.065.690.500
diarrhea,D02.065.690.500
diarrhea,D02.065.690.500
diarrhea,D03.383.129.708.089
diarrhea,D02.092.877.883.333.115
diarrhea,D03.633.300.240.127
diarrhea,D03.633.100.103
diarrhea,D02.241.081.251
diarrhea,D02.092.311.200.538.200
diarrhea,D26.310
diarrhea,D02.092.311.200.480
diarrhea,D02.241.081.251.583.166
diarrhea,D02.455.526.439.150
diarrhea,D02.455.526.439.150
diarrhea,D02.455.526.439.150
diarrhea,D02.455.526.439.150
diarrhea,D02.455.526.439.150
diarrhea,D02.455.526.439.150
diarrhea,D02.455.526.439.150
diarrhea,D02.455.526.439.150
diarrhea,D02.442.288.220
diarrhea,D002273
diarrhea,D002273
diarrhea,D09.698.152
diarrhea,D02.033.100.624.151
diarrhea,D10.212.507.300
diarrhea,D03.383.663.283.240.190
diarrhea,D02.065.589.099.249.200.155
diarrhea,D02.065.589.099.249.190.190.115
diarrhea,D02.065.589.099.249.190.190
diarrhea,Y03.020
diarrhea,D02.065.589.099.249.190.190
diarrhea,D02.065.589.099.249.250.222
diarrhea,D02.065.589.099.249.190.190.145
diarrhea,D02.065.589.099.249.190.190.155
diarrhea,D02.065.589.099.249.188
diarrhea,D02.065.884.247
diarrhea,D02.065.589.099.249.200
diarrhea,D02.065.589.099.249
diarrhea,D01.268.558.362.249
diarrhea,D01.268.549.125
diarrhea,D01.210.450.150
diarrhea,D03.383.725.762.232
diarrhea,E02.183.750.500
diarrhea,D01.210.375
diarrhea,D03.383.742.698.875.404
diarrhea,D04.210.500.105.225.272.150
diarrhea,D04.210.500.105.225.272.150
diarrhea,D02.455.526.439.190
diarrhea,D02.455.526.439.190
diarrhea,D03.633.100.079.080.150
diarrhea,D01.210.450.150
diarrhea,D01.268.380.150
diarrhea,D01.268.380.150
diarrhea,D02.455.426.559.389.261
diarrhea,D02.309.750.500.077
diarrhea,D02.309.750.500.077
diarrhea,D02.309.750.500.077
diarrhea,D02.241.223.200.185
diarrhea,D02.241.223.100.200.311.275
diarrhea,D02.241.223.100.200.311.275
diarrhea,D03.383.129.578.840.374.180
diarrhea,D02.455.526.439
diarrhea,D02.455.526.439
diarrhea,D03.633.100.810.050.180
diarrhea,D02.886.369.198
diarrhea,D02.886.369.198
diarrhea,D04.210.500.247.222.284
diarrhea,D04.210.500.247.222.284
diarrhea,D04.210.500.105.225
diarrhea,D02.033.100.291.211
diarrhea,D02.033.100.291.211
diarrhea,D02.033.100.291.211
diarrhea,D02.033.100.291.211
diarrhea,D02.033.100.291.211
diarrhea,D02.033.100.291.211
diarrhea,D02.033.100.291.211
diarrhea,D01.268.556.175
diarrhea,D01.220.175
diarrhea,D03.383.066
diarrhea,D03.066.515.530
diarrhea,Y03.020
diarrhea,D02.886.675.933
diarrhea,D02.355.291.205
diarrhea,D03.383.129.617.293
diarrhea,D02.078.370.200
diarrhea,D02.078.370.200
diarrhea,D02.078.370.200
diarrhea,D02.078.370.200
diarrhea,D02.047.122
diarrhea,Y03.020
diarrhea,D02.241.081.114.968.500
diarrhea,D03.633.100.810.835.322.186
diarrhea,D03.633.100.810.835.322.186
diarrhea,D03.633.100.810.835.322.186
diarrhea,D02.092.831.170
diarrhea,D02.455.849.575
diarrhea,D02.540.576.500.992.100
diarrhea,D02.540.576.500.992.100
diarrhea,D03.383.773.532.500.125
diarrhea,D03.633.100.810.350.625.400
diarrhea,D04.210.500.908.093.250
diarrhea,D03.633.300.704.353
diarrhea,D02.241.081.114.968.500.500.195
diarrhea,D02.241.081.114.968.500.500.195
diarrhea,D02.241.081.114.968.500.500.195
diarrhea,D02.241.081.114.968.500.500.195
diarrhea,D02.241.081.114.968.500.500.195
diarrhea,D02.241.081.114.968.500.500.195
diarrhea,D02.241.081.114.968.500.500.195
diarrhea,D02.241.081.114.968.500.500
diarrhea,D03.633.300.240.194
diarrhea,D03.633.300.240.194
diarrhea,D03.383.129.308.436.500
diarrhea,D02.065.589.099.750.625.150
diarrhea,D03.633.300.240.220
diarrhea,D03.633.300.240.220
diarrhea,D04.210.500.247.222.537.888
diarrhea,D04.210.500.247.222.537.888
diarrhea,D01.268.556.185
diarrhea,D01.268.556.185
diarrhea,D02.145.074.722.388
diarrhea,D02.145.074.722.388
diarrhea,D03.132.577.249.562.149
diarrhea,D03.132.225
diarrhea,D03.132.225
diarrhea,D03.132.225
diarrhea,D01.268.556.195
diarrhea,D01.268.556.195
diarrhea,D01.268.556.195
diarrhea,D01.268.556.195
diarrhea,D01.268.556.195
diarrhea,D01.268.556.195
diarrhea,D01.268.556.195
diarrhea,D01.875.800.800.850.150
diarrhea,D01.875.800.800.850.150
diarrhea,D01.875.800.800.850.150
diarrhea,D01.875.800.800.850.150
diarrhea,D01.875.800.800.850.150
diarrhea,D01.875.800.800.850.150
diarrhea,D10.212.302.380.370
diarrhea,D06.472.699.327.740.140
diarrhea,D12.776.828.300
diarrhea,D03.383.663.283.266.450.400.187
diarrhea,D13.695.578.424.450
diarrhea,D12.776.260.750
diarrhea,Y03.010
diarrhea,D02.078.370.280
diarrhea,D02.078.370.280
diarrhea,D03.383.621.154
diarrhea,D03.383.621.154
diarrhea,D03.383.129.578.150
diarrhea,D10.212.507.375
diarrhea,D02.455.426.559.389
diarrhea,D01.268.556.195
diarrhea,D01.268.556.195
diarrhea,D02.455.426.392.368.367.190
diarrhea,D02.455.426.392.368.367.190
diarrhea,D02.455.426.392.368.367.190
diarrhea,D02.455.426.392.368.367.190
diarrhea,D02.455.426.392.368.367.190
diarrhea,D02.455.426.392.368.367.190
diarrhea,D02.455.426.392.368.367.190
diarrhea,D02.455.326.146.485.222.222
diarrhea,D02.455.326.146.485.222.222
diarrhea,D02.455.326.146.485.222.222
diarrhea,D09.698.365.089
diarrhea,D03.383.663.283.266.450.087
diarrhea,D09.408.348
diarrhea,D04.345.566.447
diarrhea,D04.345.566.447
diarrhea,D03.383.621.808.240
diarrhea,D03.383.621.808.240
diarrhea,D03.383.931
diarrhea,D02.455.526.728.650.730.243
diarrhea,D02.455.526.728.650.730.243
diarrhea,D02.455.526.728.650.730.243
diarrhea,D02.455.526.728.650.730.243
diarrhea,D02.455.526.728.650.730.243
diarrhea,D04.345.566.235.300
diarrhea,D04.345.566.235.300
diarrhea,D04.345.566.235.300
diarrhea,D04.345.566.235.300
diarrhea,D04.345.566.235.300
diarrhea,D04.345.566.235.300
diarrhea,D04.345.566.235.300
diarrhea,D04.345.566.235.300
diarrhea,D04.345.566.235.300
diarrhea,D04.345.566.235.300
diarrhea,D04.345.566.235
diarrhea,D02.455.849.575.812
diarrhea,D03.383.742.680.245.453
diarrhea,D02.925.200
diarrhea,D02.925.200
diarrhea,D03.633.300.200
diarrhea,D03.383.663.283.266.450.400
diarrhea,D02.455.426.559.847.562.050.200
diarrhea,D03.383.742.680.245.500.950
diarrhea,D02.455.526.439.255
diarrhea,D02.455.526.439.255
diarrhea,D02.455.526.439.255
diarrhea,D02.355.726.601
diarrhea,D02.355.726.601
diarrhea,D02.145.150.500
diarrhea,D02.145.150.500
diarrhea,D02.145.150.500
diarrhea,D02.145.150.500
diarrhea,D02.145.150.500
diarrhea,D02.145.150.500
diarrhea,D02.145.150.500
diarrhea,D02.145.150.500
diarrhea,D02.065.277.194
diarrhea,D02.241.223.100.250
diarrhea,D02.092.570.394.265
diarrhea,D03.383.663.283.266.450.400.843
diarrhea,Y03.020
diarrhea,D02.455.849.090.810
diarrhea,D02.455.849.090.810
diarrhea,D02.455.849.090.810
diarrhea,D02.455.849.090.810
diarrhea,D12.644.456
diarrhea,D02.455.426.559.847.562.900.185
diarrhea,D02.455.426.559.847.562.050.200.300
diarrhea,D04.210.500.105.225.272
diarrhea,D02.455.849.765.850
diarrhea,D02.455.849.765.850
diarrhea,D02.455.849.765.850
diarrhea,D02.455.849.765.850
diarrhea,D02.455.849.765.850
diarrhea,D02.455.426.559.847.562.050.200
diarrhea,Y03.020
diarrhea,D04.210.500.745.432.769.344
diarrhea,D04.210.500.745.432.769.344
diarrhea,D04.210.500.745.432.769.344
diarrhea,D04.210.500.745.432.769.344
diarrhea,D04.210.500.745.432.769.344
diarrhea,D04.210.500.745.432.769.344
diarrhea,D04.210.500.745.432.769.344
diarrhea,D04.210.500.745.432.769.344
diarrhea,D04.210.500.745.432.769.344
diarrhea,D04.210.500.745.432.769.344
diarrhea,D04.210.500.745.432.769.344
diarrhea,D04.210.500.745.432.769.344
diarrhea,D04.210.500.745.432.769.344
diarrhea,D02.092.471.683.338
diarrhea,D02.241.081.944.509
diarrhea,D09.698.365.272.300
diarrhea,D09.698.365.272.300
diarrhea,D09.698.365.272.300
diarrhea,D09.698.365.272.300
diarrhea,D02.172.300
diarrhea,D02.691.800.338
diarrhea,D02.691.800.338
diarrhea,D02.033.800.400.350
diarrhea,D02.626
diarrhea,D02.241.081.751
diarrhea,D02.705.400.625.200
diarrhea,D02.705.400.625.200
diarrhea,D02.705.400.625.200
diarrhea,D02.455.426.559.847.799.306
diarrhea,D02.241.223.805.225
diarrhea,D02.241.223.805.225
diarrhea,D03.383.129.539.850.088
diarrhea,D02.033.455.250.130
diarrhea,D02.241.081.018.214.500
diarrhea,D01.210.375
diarrhea,D01.210.375
diarrhea,D01.210.375
diarrhea,D01.210.375
diarrhea,D01.210.375
diarrhea,D01.210.375
diarrhea,D01.210.375
diarrhea,D01.210.375
diarrhea,D01.210.375
diarrhea,D01.210.375
diarrhea,D01.210.375
diarrhea,D01.210.375
diarrhea,D03.383.773.170
diarrhea,D02.241.223.601.210
diarrhea,D02.241.223.601.210
diarrhea,D02.241.223.601.210
diarrhea,D02.241.223.601.210
diarrhea,D02.705
diarrhea,D02.705
diarrhea,D02.705
diarrhea,D03.383.663.283.446.520.203
diarrhea,D06.472.445.573.666
diarrhea,D02.241.223.805
diarrhea,D03.383.742.680.705.875
diarrhea,D03.633.100.759.590.616.130
diarrhea,D03.383.742.680.245.500.950.500
diarrhea,D03.383.742.680.245.500.950.500
diarrhea,D02.455.526.439.371
diarrhea,D09.301
diarrhea,D09.301
diarrhea,D10.212.302
diarrhea,D10.212.302
diarrhea,D10.212.302
diarrhea,D10.212.302
diarrhea,D10.212.302
diarrhea,D10.212.302
diarrhea,D10.212.302
diarrhea,D10.212.302
diarrhea,D10.212.302
diarrhea,D09.301.831.250
diarrhea,D09.301.831.250
diarrhea,D09.301.831.250
diarrhea,D02.092.471.302
diarrhea,D02.241.223.805.250
diarrhea,D02.241.081.337.502
diarrhea,D02.654.442.200
diarrhea,D02.654.442.200
diarrhea,D02.654.442.200
diarrhea,D02.654.442.200
diarrhea,D02.654.442.200
diarrhea,D02.654.442.200
diarrhea,D02.455.426.559.389.150.700.175
diarrhea,D02.455.426.559.389.150.700.175
diarrhea,D02.455.426.559.389.150.700.175
diarrhea,D02.455.426.559.389.150.700.175
diarrhea,D02.455.426.559.389.150.700.175
diarrhea,D04.210.500.155.580.130.500.436
diarrhea,D02.455.426.559.847.117.050
diarrhea,D04.210.500.247.222.159.478.387.300
diarrhea,D04.210.500.247.222.159.478.387.300
diarrhea,D04.210.500.247.222.159.478.387.300
diarrhea,D04.210.500.247.222.159.478.387.300
diarrhea,D04.210.500.247.222.159.478.387.300
diarrhea,D04.210.500.247.222.159.478.387.300
diarrhea,D04.210.500.247.222.159.478.387.300
diarrhea,D04.210.500.247.222.159.478.387.300
diarrhea,D02.092.311.830.220
diarrhea,D02.241.223.805.225
diarrhea,Y03.020
diarrhea,D03.633.100.079.150
diarrhea,D02.886.904.282
diarrhea,D02.092.146.859
diarrhea,D02.092.146.859
diarrhea,D02.691.088.100
diarrhea,Y03.020
diarrhea,D02.455.426.559.847.149.301
diarrhea,D02.455.426.559.847.149.301
diarrhea,D02.065.463.387
diarrhea,D02.654.442.225
diarrhea,D02.654.442.225
diarrhea,D02.241.223.805
diarrhea,D02.241.223.805
diarrhea,D02.886.640.150
diarrhea,D02.886.640.150
diarrhea,D01.075
diarrhea,D02.455.426.559.389.261.250
diarrhea,D02.455.426.559.389.261.250
diarrhea,D02.455.426.559.389.565.280
diarrhea,D04.210.500.247.515.500
diarrhea,Y03.020
diarrhea,D02.309.500
diarrhea,D02.309.500
diarrhea,D03.383.742.175
diarrhea,D02.540.576.500.992
diarrhea,Y03.020
diarrhea,D02.241.081.251.869.220.250
diarrhea,D02.033.800.196
diarrhea,D02.455.426.559.389.703.397
diarrhea,D02.455.426.559.389.703.397
diarrhea,D02.455.426.559.389.703.397
diarrhea,D12.644
diarrhea,D02.455.426.392.368.242.888.389
diarrhea,D02.455.426.392.368.242.888.389
diarrhea,D10.212.302.380.410.210
diarrhea,D02.455.426.392.368.242.888.777
diarrhea,Y03.020
diarrhea,D02.455.426.559.847.486.487.280
diarrhea,D03.383.742.680.852.300.350
diarrhea,D02.455.426.559.847.562.050.200.175
diarrhea,D02.455.426.559.847.562.050.200.175
diarrhea,D02.455.426.559.847.562.050.200.175
diarrhea,D02.455.426.559.847.562.050.200.175
diarrhea,D02.455.426.559.847.562.050.200.175
diarrhea,D02.455.426.559.847.562.050.200.175
diarrhea,D02.455.426.559.847.562.050.200.175
diarrhea,D02.455.426.559.847.562.050.200.175
diarrhea,D02.455.426.559.847.562.050.200.175
diarrhea,D02.455.426.559.847.562.900.200
diarrhea,D03.633.100.127.075.500
diarrhea,D20.215.784.500.350
diarrhea,D20.215.784.500.350
diarrhea,D20.215.784.500.350
diarrhea,D02.886.778.260
diarrhea,D20.633.222
diarrhea,D20.633.222
diarrhea,D20.633.222
diarrhea,D03.633.100.473
diarrhea,D10.212.302.380.410.385
diarrhea,D10.251.355.255.205
diarrhea,D03.383.663.283.500
diarrhea,D03.383.129.308
diarrhea,D12.125.072.050.685
diarrhea,Y03.020
diarrhea,D03.383.742.698.875.404
diarrhea,Y03.020
diarrhea,D02.455.426.559.847.117.159.205.400
diarrhea,D02.033.455.250.700
diarrhea,D12.644.456.345.360
diarrhea,D12.644.456.345.360
diarrhea,D052244
diarrhea,D02.886.092.408
diarrhea,D02.886.092.408
diarrhea,D02.886.092.408
diarrhea,D02.886.092.408
diarrhea,D02.886.092.408
diarrhea,D02.886.092.408
diarrhea,D23.946.123.329
diarrhea,D23.946.123.329
diarrhea,D23.946.123.329
diarrhea,D03.383.129.308
diarrhea,D03.383.129.308
diarrhea,D03.383.129.308
diarrhea,D03.383.129.308.253
diarrhea,D23.946.330
diarrhea,D23.946.330
diarrhea,D23.946.330
diarrhea,D02.065.277
diarrhea,D03.383.725
diarrhea,D02.065.277
diarrhea,D03.383.725
diarrhea,D02.065.277
diarrhea,D03.383.725
diarrhea,D02.065.277
diarrhea,D03.383.725
diarrhea,D004785
diarrhea,D004791
diarrhea,D004791
diarrhea,D02.455.426.559.847.562.050.200.175.200
diarrhea,D03.383.663.283.240.190
diarrhea,Y03.020
diarrhea,D03.383.663.283.240.190
diarrhea,Y03.020
diarrhea,D03.383.663.283.240.190
diarrhea,Y03.020
diarrhea,D03.132.327.412.400
diarrhea,D03.633.100.786.375
diarrhea,D03.633.100.786.375
diarrhea,D03.633.100.786.375
diarrhea,D03.633.100.786.375
diarrhea,D02.540.576.500.992
diarrhea,D02.540.576.500.992
diarrhea,D03.383.663.283.446.912
diarrhea,D04.210.500.365.415.248
diarrhea,Y03.020
diarrhea,D04.210.500.365.415.331
diarrhea,D004967
diarrhea,D04.210.500.365.415.414
diarrhea,Y03.020
diarrhea,D02.033.375
diarrhea,D02.033.375
diarrhea,D02.033.375
diarrhea,D02.033.375
diarrhea,D02.033.375
diarrhea,D02.033.375
diarrhea,D02.033.375
diarrhea,D03.633.300.633.416
diarrhea,D04.210.500.668.651.568.291
diarrhea,D04.210.500.668.651.568.291
diarrhea,D04.210.500.668.651.568.291
diarrhea,D04.210.500.668.651.568.291
diarrhea,D04.210.500.668.651.568.291
diarrhea,D04.210.500.668.651.568.291
diarrhea,D04.210.500.668.651.568.291
diarrhea,D04.210.500.668.651.568.291
diarrhea,D04.210.500.668.651.568.291.250
diarrhea,D03.066.349.220
diarrhea,D02.886.030.388
diarrhea,D02.886.030.388
diarrhea,D02.241.081.069.600
diarrhea,D02.241.081.337.502.524.418
diarrhea,D02.455.426.559.847.638.960.675.250
diarrhea,D02.886.590.444
diarrhea,D02.540.505.760.500
diarrhea,D02.455.426.559.389.657.852.900
diarrhea,D02.033.455.706.388
diarrhea,D03.383.742
diarrhea,D02.092.471.683.467
diarrhea,D02.241.081.114.968.500.625
diarrhea,D02.033.100.291
diarrhea,D01.490.100
diarrhea,D01.490.100
diarrhea,D01.490.200
diarrhea,D01.490.200
diarrhea,D02.455.426.559.389.115.800
diarrhea,Y03.020
diarrhea,D03.383.129.539
diarrhea,D02.455.426.559.389.185.680
diarrhea,D10.627.430
diarrhea,D10.627.430
diarrhea,D02.241.223.100
diarrhea,D03.383.773
diarrhea,D03.383.663.283.266.450
diarrhea,D03.383.663.283.266.450
diarrhea,D02.065.589.099.750.625.150.250
diarrhea,D03.383.742.680.852.300.350
diarrhea,D02.241.223.100.050.400.200.249
diarrhea,D04.210.500.745.432.370
diarrhea,D02.065.064.150
diarrhea,D02.065.064.150
diarrhea,D03.383.742.698.421.431
diarrhea,D03.383.742.698.875.404
diarrhea,D03.383.742.698.875.404
diarrhea,D03.383.742.698.875.404
diarrhea,D02.092.831.280
diarrhea,D02.065.199.420
diarrhea,D02.065.199.420
diarrhea,E02.183.750.500
diarrhea,D03.633.100.733.631.400.800.350.450
diarrhea,D03.383.742.698.875.404
diarrhea,D02.691.800
diarrhea,D03.633.100.733.631.400
diarrhea,D03.633.100.733.631.400
diarrhea,D03.633.100.733.631.400
diarrhea,D03.633.100.733.631.400
diarrhea,D03.633.100.733.631.400
diarrhea,D03.633.100.733.631.400
diarrhea,D03.633.100.733.631.400
diarrhea,D02.705.429.812.249
diarrhea,D02.705.429.812.249
diarrhea,D02.047.407
diarrhea,D02.047.407
diarrhea,D02.047.407
diarrhea,D02.065.589.099.124.300.500
diarrhea,D03.633.100.733.631.400.800.350.450
diarrhea,D02.705.429.625
diarrhea,D03.633.100.127
diarrhea,D09.947.875.359.250
diarrhea,D09.947.875.359.250
diarrhea,D01.268.150.250
diarrhea,D04.210.500.365.415.248.660
diarrhea,D04.210.500.365.415.248.660
diarrhea,D04.210.500.365.415.248.660
diarrhea,D02.455.326.146.432
diarrhea,D02.455.326.146.432
diarrhea,D09.698.357
diarrhea,D03.383.312
diarrhea,D03.383.312
diarrhea,D03.383.312
diarrhea,D02.065.884.725.300
diarrhea,D02.092.782.590.401
diarrhea,D01.268.558.362.484
diarrhea,D03.132.052.500
diarrhea,D09.400.410.420.025.475
diarrhea,D09.400.410.420.025.475
diarrhea,D02.455.849.919
diarrhea,D20.345.630.540
diarrhea,D20.345.630.540
diarrhea,D20.345.630.540
diarrhea,D02.455.426.392.368.367
diarrhea,D03.383.129.578
diarrhea,D02.455.849.919.490
diarrhea,D03.633.100.786.469
diarrhea,D03.633.100.786.469
diarrhea,D03.383.742.680.245.500
diarrhea,Y03.020
diarrhea,D03.383.742.680.245.500
diarrhea,Y03.020
diarrhea,D03.383.742.680.245.500
diarrhea,Y03.020
diarrhea,D03.383.742.680.245.500
diarrhea,Y03.020
diarrhea,D10.251.355.255.550.250.100
diarrhea,Y03.020
diarrhea,D09.408.051
diarrhea,D12.776.124.486.485.114.224.060
diarrhea,D02.455.849.575.500
diarrhea,D02.455.849.575.500
diarrhea,D02.455.849.575.500
diarrhea,D03.383.663.283.266.450.400.375
diarrhea,D03.383.663.283.266.450.400.375
diarrhea,D03.383.663.283.266.450.400.375
diarrhea,D03.383.663.283.266.450.400.375
diarrhea,D03.383.663.283.266.450.400.375
diarrhea,D03.383.663.283.266.450.400
diarrhea,D09.408.051.374
diarrhea,D09.408.051.374
diarrhea,D09.408.051.374
diarrhea,D09.408.051.374
diarrhea,D09.408.051.374
diarrhea,D09.408.051.374
diarrhea,D02.455.849.690
diarrhea,D02.241.223.100.050.400.300
diarrhea,D09.067.342.531
diarrhea,D09.067.342.531
diarrhea,D09.947.875.359.448
diarrhea,D09.947.875.359.448
diarrhea,D09.947.875.359.448
diarrhea,D03.383.663.283
diarrhea,D03.633.100.473
diarrhea,D12.644.456.448
diarrhea,D12.644.456.448
diarrhea,D02.355.291.411
diarrhea,D02.033.755
diarrhea,D02.355.291.411
diarrhea,D02.033.755
diarrhea,D02.355.291.411
diarrhea,D02.033.755
diarrhea,D09.400.410
diarrhea,D03.633.100.473.144
diarrhea,D01.268.556.322
diarrhea,D01.268.556.322
diarrhea,D01.379
diarrhea,D02.241.081.337.463.703.451
diarrhea,D02.145.074.444
diarrhea,D03.383.663.283.266.450.700
diarrhea,D20.215.784.500.400
diarrhea,D01.268.150.300
diarrhea,D01.268.150.300
diarrhea,D03.633.100.127.275
diarrhea,D03.633.100.127.275
diarrhea,D03.633.100.079
diarrhea,D03.383.742
diarrhea,D02.078.370.460
diarrhea,D20.215.784.500
diarrhea,D05.750.078.739
diarrhea,D02.241.223.100
diarrhea,D02.092.200
diarrhea,D03.383.129.385
diarrhea,D03.383.129.385
diarrhea,D02.886.675
diarrhea,D02.522.352.506
diarrhea,D02.522.352.506
diarrhea,D23.946.123
diarrhea,D23.946.330
diarrhea,D12.776.097.275
diarrhea,D03.383.129.578.840.500.640.587
diarrhea,D09.698.373.400
diarrhea,D10.251.450
diarrhea,D03.383.663.283.266.450.252.500
diarrhea,D03.383.663.283.266.450.252.500
diarrhea,D02.455.426.559.389.261.400
diarrhea,D02.455.526.439.600
diarrhea,D02.455.426.559.389.261.190.350
diarrhea,D02.047.122
diarrhea,Y03.020
diarrhea,D02.455.526.510.435
diarrhea,D02.241.081.751
diarrhea,D02.455.526.510.435
diarrhea,D02.241.081.751
diarrhea,D02.241.081.018
diarrhea,D02.455.526.510.435
diarrhea,D02.241.081.018
diarrhea,D02.455.526.510.435
diarrhea,D02.092.211.215.501
diarrhea,D02.455.326.271.665.202.495.270
diarrhea,D02.455.326.271.665.202.495.270
diarrhea,D02.455.326.271.665.202.495.270
diarrhea,D02.455.326.271.665.202.495.270
diarrhea,D02.455.326.271.665.202.495.270
diarrhea,D02.455.326.271.665.202.495.270
diarrhea,D02.455.326.271.665.202.495.270
diarrhea,D02.455.326.271.665.202.495.270
diarrhea,D02.455.326.271.665.202.495.270
diarrhea,D02.455.326.271.665.202.495.270
diarrhea,D02.092.211.215.801.852
diarrhea,D04.210.500.745.745.654.600
diarrhea,D04.210.500.745.745.654.600
diarrhea,D04.210.500.745.745.654.600
diarrhea,D01.248.497.158.685.750.424
diarrhea,D01.248.497.158.685.750.424
diarrhea,D01.248.497.158.685.750.424
diarrhea,D02.455.426.559.389.657.393
diarrhea,D02.948.395
diarrhea,D02.241.223.701.430
diarrhea,D02.241.223.701.430
diarrhea,D02.241.223.701.430
diarrhea,D02.241.081.844.915.162
diarrhea,D02.241.223.701.430
diarrhea,Y03.020
diarrhea,D03.383.742.698
diarrhea,D03.605.084
diarrhea,D03.383.742.698
diarrhea,D03.605.084
diarrhea,D03.383.742.698
diarrhea,D03.383.129.308.428
diarrhea,E02.183.750.500
diarrhea,D03.132.151
diarrhea,Y03.020
diarrhea,D03.633.100.733.631.400.800.350.450
diarrhea,D03.383.742.698.875.404
diarrhea,D02.455.526.728.650.730.243.250
diarrhea,D02.065.277.456
diarrhea,D03.383.464
diarrhea,D02.640
diarrhea,D02.948
diarrhea,Y03.020
diarrhea,D03.633.100.473
diarrhea,D03.633.100.473
diarrhea,D03.633.100.473.420
diarrhea,D03.633.100.473.420
diarrhea,D03.633.100.473.420
diarrhea,D03.633.100.473.420
diarrhea,D03.633.100.473.420
diarrhea,D03.633.100.473.420
diarrhea,D03.633.100.473.420
diarrhea,D02.033.800.519
diarrhea,D12.644.276.374.460
diarrhea,D12.644.276.374.460
diarrhea,D10.251.355.391
diarrhea,D10.251.355.391
diarrhea,D10.251.355.391
diarrhea,D10.251.355.391
diarrhea,D10.251.355.391
diarrhea,D10.251.355.391
diarrhea,D10.251.355.391
diarrhea,D10.251.355.391
diarrhea,D02.455.426.559.389.185.413
diarrhea,D02.455.849.575.500.500
diarrhea,D03.132.151.425
diarrhea,D03.132.151.425
diarrhea,D01.268.556.412
diarrhea,D01.268.556.412
diarrhea,D01.268.556.412
diarrhea,D03.633.100.759.758.824.751.500
diarrhea,D02.241.223.200.054.500
diarrhea,Y03.020
diarrhea,D02.705.429.750.249
diarrhea,D02.522.818.222
diarrhea,D02.442.436
diarrhea,D02.033.100.291.439
diarrhea,D02.033.100.291.439
diarrhea,D02.033.100.291.439
diarrhea,D03.383.663.283.266.450.284.777
diarrhea,Y03.020
diarrhea,D02.033.800.813.480.500
diarrhea,Y03.020
diarrhea,D03.383.129.799.550
diarrhea,D02.540.576.500.997
diarrhea,D20.215.784.500.350
diarrhea,D20.215.784.500.350
diarrhea,D20.215.784.500.350
diarrhea,D20.215.784.500.350
diarrhea,D20.215.784.500.350
diarrhea,D02.455
diarrhea,D02.455
diarrhea,D03.383.066
diarrhea,D03.383.129.799
diarrhea,D03.383.066
diarrhea,D03.383.129.799
diarrhea,D03.383.066
diarrhea,D03.383.129.799
diarrhea,D03.383.066
diarrhea,D03.383.129.799
diarrhea,D03.383.066
diarrhea,D03.383.129.799
diarrhea,D03.383.066
diarrhea,D03.383.129.799
diarrhea,D03.383.066
diarrhea,D03.383.129.799
diarrhea,D02.355.601.200
diarrhea,D03.383.066
diarrhea,D03.383.663.283.266.450.284.388
diarrhea,D03.383.773.400
diarrhea,D12.644.276.812.169.400
diarrhea,Y03.020
diarrhea,D12.776.256.626.207
diarrhea,D09.400.420
diarrhea,D02.886.675
diarrhea,D03.633.100.103
diarrhea,D02.540.576.500.992.445
diarrhea,D02.522.585
diarrhea,D03.383.663.718
diarrhea,D02.033.100.291.460
diarrhea,D02.241.511.459.450
diarrhea,D09.698.629.305.423
diarrhea,D02.886.640.074.249
diarrhea,D10.212.302
diarrhea,D01.268.556.435
diarrhea,D01.268.556.435
diarrhea,D02.691
diarrhea,D01.268.556.435
diarrhea,D01.248.497.158.606
diarrhea,D03.383.129.385.475
diarrhea,D03.383.129.385.475
diarrhea,D02.241.223.805.810.400
diarrhea,D02.241.223.805.810.400
diarrhea,D02.626.300
diarrhea,D12.644.456.580
diarrhea,D02.455.426.559.389.703
diarrhea,D03.383.773.532.500
diarrhea,D02.065.064.463
diarrhea,D09.400.420.700
diarrhea,D10.570.755
diarrhea,D09.400.500
diarrhea,D09.400.500
diarrhea,D09.400.500
diarrhea,D09.400.500
diarrhea,D09.400.500
diarrhea,D09.400.500
diarrhea,D09.400.500
diarrhea,D09.400.500
diarrhea,D09.400.500
diarrhea,D09.400.500
diarrhea,D09.400.500
diarrhea,D09.400.500
diarrhea,D09.400.500
diarrhea,D09.400.500
diarrhea,D09.400.500
diarrhea,D09.400.500
diarrhea,D09.400.500
diarrhea,D09.400.500
diarrhea,D09.408.872
diarrhea,D12.644.456.345.600
diarrhea,D01.268.549.450
diarrhea,D01.268.549.450
diarrhea,D01.268.549.450
diarrhea,D01.045.125.500
diarrhea,D01.248.497.158.845
diarrhea,D01.510
diarrhea,D04.210.500.105.225.480
diarrhea,D04.210.500.105.225.480
diarrhea,Y03.020
diarrhea,D04.210.500.105.225.272
diarrhea,Y03.020
diarrhea,D09.698.373.400.300
diarrhea,Y03.020
diarrhea,D03.383.621
diarrhea,D03.383.725
diarrhea,D03.383.621.440
diarrhea,D02.065.589.099.249
diarrhea,D03.633.100.079.080.070.450
diarrhea,D02.455.426.559.389.185.475
diarrhea,D02.455.426.559.847.638.400
diarrhea,D03.066.515.475
diarrhea,D01.490.100.375.500
diarrhea,D01.490.100.375.500
diarrhea,D01.490.100.375.500
diarrhea,D02.047.700
diarrhea,D01.268.556.484
diarrhea,D01.210.450.150
diarrhea,D01.530
diarrhea,D03.383.129.578.840.500.640
diarrhea,D03.383.129.578.840.500.640
diarrhea,D03.633.300.953.852
diarrhea,D03.633.300.953.852
diarrhea,D03.605.687
diarrhea,E02.183.750.500
diarrhea,D03.383.742.680.245.453
diarrhea,D02.455.426.559.847.638.960.675.250
diarrhea,D02.455.426.559.847.117.159.500
diarrhea,D02.241.081.251.415
diarrhea,D02.241.223.100.050.400.200.555
diarrhea,D03.633.100.810.410
diarrhea,D03.633.100.473.914.481
diarrhea,D03.633.100.473.914.481
diarrhea,D02.886.665.275
diarrhea,D02.455.526.728.650.594
diarrhea,D04.345.566
diarrhea,D02.455.326.146.100.050.490
diarrhea,D02.033.375.534
diarrhea,D02.886.489.534
diarrhea,D01.139.300.050
diarrhea,D01.538
diarrhea,D01.210.450.150.525
diarrhea,D01.210.450.150.525
diarrhea,D01.210.450.150.525
diarrhea,D01.210.450.150.525
diarrhea,D01.210.450.150.525
diarrhea,D01.210.450.150.525
diarrhea,D02.065.589.099.124.300.750
diarrhea,D02.078.370.141.450
diarrhea,D02.078.370.141.450
diarrhea,D02.078.370.141.450
diarrhea,D02.092.877.883.555.500
diarrhea,D02.522.675
diarrhea,D02.092.471.683.152.619
diarrhea,D02.092.471.683.152.619
diarrhea,D02.092.471.683.152.619
diarrhea,D02.092.471.683.152.619
diarrhea,D02.092.782.258.368.500
diarrhea,D02.886.030.676
diarrhea,D02.886.030.676
diarrhea,D02.886.030.676
diarrhea,D02.886.030.676
diarrhea,D02.886.030.676
diarrhea,D02.886.030.676
diarrhea,D03.132.577.249.200
diarrhea,D03.633.100.733.631.192.500
diarrhea,D03.633.100.733.631.192.500
diarrhea,D03.633.100.733.631.192.500
diarrhea,D03.633.100.733.631.192.500
diarrhea,D03.633.100.733.631.192.500
diarrhea,D03.633.100.733.631.192.500
diarrhea,D02.241.081.018
diarrhea,D02.455.526.439.610
diarrhea,D04.345.103.333
diarrhea,D02.455.426.559.847.149.500
diarrhea,D02.455.426.559.847.149.500
diarrhea,D02.033.100.291.211
diarrhea,Y03.020
diarrhea,D02.241.081.251.869
diarrhea,D02.241.081.251.869
diarrhea,D02.691.750.100.738
diarrhea,D02.691.750.100.738
diarrhea,D02.691.750.100.738
diarrhea,D02.691.750.100.738
diarrhea,D02.241.081.069.800.550.450
diarrhea,D02.455.326.146.100.050.500.500
diarrhea,D02.092.471.683.152.670
diarrhea,D02.078.370.649.400
diarrhea,D02.078.370.649.400
diarrhea,D02.241.223.601.600
diarrhea,D03.383.725.762.550
diarrhea,D03.383.725.450
diarrhea,D03.383.725.450
diarrhea,D03.383.725.450
diarrhea,D04.210.500.745.432.769.795.539
diarrhea,D02.241.223.100.300.595
diarrhea,D02.712
diarrhea,D02.355.601
diarrhea,D04.210.500.054.079.429.824.664
diarrhea,D02.065.277.573
diarrhea,D02.065.277.573
diarrhea,D02.033.100.624.698.573
diarrhea,D02.640.672.500
diarrhea,D02.640.672.500
diarrhea,D02.241.511.579
diarrhea,D02.241.511.579
diarrhea,D26.310
diarrhea,D03.633.100.810.350.625.400
diarrhea,D03.633.300.669
diarrhea,D02.092.831.500
diarrhea,D02.455.849.291
diarrhea,D02.033.455.250.700.690
diarrhea,D02.455.326.271.665.806
diarrhea,D02.033.455.250.700.690
diarrhea,D02.455.326.271.665.806
diarrhea,D04.210.500.365.415.580
diarrhea,D02.491.567.500.033
diarrhea,Y03.020
diarrhea,D01.578.500
diarrhea,D02.455.426.559.847.562.900.550
diarrhea,D02.455.526.439.659
diarrhea,D10.251.355.255.550.775.450.500
diarrhea,D02.806.400.249.350
diarrhea,D02.455.426.559.847.117.159.500
diarrhea,D03.383.129.385
diarrhea,D03.383.129.385
diarrhea,D02.241.223.805.250
diarrhea,Y03.020
diarrhea,D02.241.223.805.250
diarrhea,Y03.020
diarrhea,D03.132.716.500
diarrhea,D02.241.081.337.759.500
diarrhea,Y03.020
diarrhea,D02.691
diarrhea,D02.691
diarrhea,D02.691
diarrhea,D02.241.223.805
diarrhea,D09.400.410.420.025.475.390
diarrhea,D02.241.223.100.050.400.200.777
diarrhea,Y03.020
diarrhea,D12.644.400.575.241
diarrhea,D03.132.577.249.562.571
diarrhea,D03.132.577.249.562.571
diarrhea,D03.132.577.249.562.571
diarrhea,D03.132.577.249.562.571
diarrhea,D03.633.100.810.835.322.327
diarrhea,D02.886.124
diarrhea,D02.886.675.867
diarrhea,D02.886.124
diarrhea,D02.886.675.867
diarrhea,D04.210.500.247.222.474
diarrhea,D02.455.526.728.468
diarrhea,D02.455.526.728.468
diarrhea,D02.455.526.728.468
diarrhea,D02.455.526.728.468
diarrhea,D02.455.526.728.468
diarrhea,D02.455.526.728.468
diarrhea,D02.241.081.193.678
diarrhea,D02.241.081.193.678
diarrhea,D02.033.800.519.400.350
diarrhea,D03.383.663.283.266.450
diarrhea,D02.065.064
diarrhea,D03.633.100.810
diarrhea,D02.092.211.415.701.801.821
diarrhea,Y03.020
diarrhea,D02.455.426.559.389.565
diarrhea,D02.065.884
diarrhea,D02.092.471
diarrhea,D03.633.100.473
diarrhea,D02.455.426.559.847.638
diarrhea,D02.455.426.559.847.562.050.200.175
diarrhea,Y03.020
diarrhea,D02.241.081.844.915.162
diarrhea,D02.455.326.271.665.202.495.818.500
diarrhea,Y03.020
diarrhea,D02.886.030.230.259
diarrhea,Y03.020
diarrhea,D12.125.068.555
diarrhea,Y03.020
diarrhea,D03.132.577.249.706
diarrhea,D03.132.577.249.706
diarrhea,D03.132.577.249.706
diarrhea,D03.132.577.249.706.550
diarrhea,D01.268.150.250.500
diarrhea,D01.268.150.250.500
diarrhea,D01.268.150.250.500
diarrhea,D01.268.150.250.500
diarrhea,D01.268.150.250.500
diarrhea,D01.268.150.250.500
diarrhea,D01.268.150.250.500
diarrhea,D01.268.150.250.500
diarrhea,D03.633.100.127
diarrhea,D02.455.426.559.847.638.721
diarrhea,D02.455.426.559.847.638
diarrhea,D02.455.426.559.847.638
diarrhea,D02.455.426.559.847.638.870
diarrhea,D02.455.426.559.847.638.472.500
diarrhea,D02.455.326.146
diarrhea,D02.033.100.291.491
diarrhea,D03.383.606
diarrhea,D03.383.129.799
diarrhea,D03.383.606
diarrhea,D03.383.129.799
diarrhea,D03.383.606
diarrhea,D03.383.129.799
diarrhea,D03.633.100.531.520
diarrhea,D03.633.300.669
diarrhea,D03.132
diarrhea,D03.383.606
diarrhea,D03.383.606
diarrhea,D03.132.436
diarrhea,D02.092.877.674.666
diarrhea,D12.644.400.500
diarrhea,D12.644.541
diarrhea,D03.383.725.506
diarrhea,D02.455.326.146
diarrhea,D01.268.556.607
diarrhea,D01.268.556.607
diarrhea,D01.268.556.607
diarrhea,D01.268.556.607
diarrhea,D01.268.556.607
diarrhea,D01.268.556.607
diarrhea,D01.268.556.607
diarrhea,D01.268.556.607
diarrhea,D01.268.556.607
diarrhea,D01.268.556.607
diarrhea,D01.268.556.607
diarrhea,D01.268.556.607
diarrhea,D01.268.556.607
diarrhea,D03.132.760.570
diarrhea,D03.132.760.570
diarrhea,D03.132.760.570
diarrhea,D03.132.760.570
diarrhea,D03.132.760.570
diarrhea,D02.065.884
diarrhea,D02.065.884
diarrhea,D02.065.884
diarrhea,D02.886.675
diarrhea,D01.339.387
diarrhea,D01.339.387
diarrhea,D01.339.387
diarrhea,D02.640.820.600
diarrhea,D02.654.442.225
diarrhea,Y03.020
diarrhea,D02.654.442.225
diarrhea,Y03.020
diarrhea,D02.654.442.225
diarrhea,Y03.020
diarrhea,D02.455.849.765.850
diarrhea,D02.654.692.247
diarrhea,Y03.020
diarrhea,D02.092.782.258.368
diarrhea,D03.633.100.531.535
diarrhea,D02.455.326.146
diarrhea,D02.033.455.250.700
diarrhea,D02.033.455.250.700.620
diarrhea,D02.455.426.559.389.657
diarrhea,D02.455.426.559.389.657
diarrhea,D04.210.500.668.651.693.651
diarrhea,D02.455.426.559.847.181.384.535
diarrhea,D02.455.849.919.277
diarrhea,D02.455.426.559.847.723
diarrhea,D02.455.426.559.389.657
diarrhea,D03.633.100.810.835
diarrhea,D02.845.746.703
diarrhea,D02.455.326.146
diarrhea,D04.210.500.105.225.272.150
diarrhea,Y03.020
diarrhea,D03.383.663.283.446.800.500
diarrhea,D02.033.455.250.700.660
diarrhea,D04.345.566.650
diarrhea,D04.345.566.650
diarrhea,D02.455.426.559.389.657
diarrhea,D03.633.100.810.835.322.500
diarrhea,D02.355.291.705
diarrhea,D02.540.505.620
diarrhea,D02.540.505.620
diarrhea,D10.212.302.380.580
diarrhea,D10.212.302.380.410
diarrhea,D02.886.640.074.500
diarrhea,D02.886.640.074.500
diarrhea,D02.886.640.074.500
diarrhea,D02.886.640.074.500
diarrhea,D12.125.481
diarrhea,Y03.020
diarrhea,D02.886.590
diarrhea,D03.383.129.308.690
diarrhea,D03.383.129.308.690
diarrhea,D03.383.725.150
diarrhea,D02.455.526.439.255
diarrhea,D02.455.526.439.255
diarrhea,D02.455.526.439.255
diarrhea,D02.455.526.439.255
diarrhea,D02.705
diarrhea,D02.540.529
diarrhea,D02.540.529
diarrhea,D02.455.526.439.681
diarrhea,D03.383.663.283.266.450.400
diarrhea,D10.251.355.325.600.525
diarrhea,D12.644.861.557
diarrhea,D02.691.214.500
diarrhea,D02.691.214.500
diarrhea,D02.691.214.500
diarrhea,D02.691.214.500
diarrhea,D03.383.129.462.620
diarrhea,D01.268.185.550
diarrhea,D01.268.185.550
diarrhea,D02.455.426.559.847.562.900.600
diarrhea,D01.362.670.600
diarrhea,D01.362.670.600
diarrhea,D01.362.670.600
diarrhea,D01.362.670.600
diarrhea,D01.362.670.600
diarrhea,D02.455.426.392.368.242.888.777
diarrhea,D02.455.426.392.368.242.888.777
diarrhea,D02.455.426.392.368.242.888.777
diarrhea,D02.455.426.392.368.242.888.777
diarrhea,D02.455.426.392.368.242.888.777
diarrhea,D02.455.426.392.368.242.888.777
diarrhea,D02.455.426.392.368.242.888.777
diarrhea,D03.383.606
diarrhea,D03.383.725
diarrhea,D10.251.694.600
diarrhea,D10.251.694.750
diarrhea,D03.633.100.759.646.138.382.300.700
diarrhea,D10.627.700.798
diarrhea,D10.627.700.798
diarrhea,D10.627.700.798
diarrhea,D02.092.570.394.535
diarrhea,D02.092.570.394.535
diarrhea,D02.241.081.114.500.350
diarrhea,Y03.020
diarrhea,D02.478.520
diarrhea,Y03.020
diarrhea,D02.886.640.074.625
diarrhea,D02.886.640.074.625
diarrhea,D03.383.725.762.621
diarrhea,D03.383.725.762.621
diarrhea,D03.383.725.762.621
diarrhea,D02.705.400.625.600
diarrhea,D02.705.400.625.600
diarrhea,D04.210.500.247.222.474
diarrhea,D04.210.500.247.222.474
diarrhea,D04.210.500.247.222.474
diarrhea,D03.383.621.600
diarrhea,D02.455.849.765
diarrhea,D02.455.849.765
diarrhea,D20.633
diarrhea,D20.633
diarrhea,D20.633
diarrhea,D20.633
diarrhea,D20.633
diarrhea,D20.633
diarrhea,D20.633
diarrhea,D02.309.750
diarrhea,D02.309.750
diarrhea,D02.309.750
diarrhea,D12.644.276.374.440.890.250.500
diarrhea,D02.033.455.250.700
diarrhea,D12.776.828
diarrhea,D12.644.276.374.440.890.250
diarrhea,D10.251
diarrhea,D03.633.100.759.758.399.454.650
diarrhea,D02.886.030.786
diarrhea,D12.644.400.575.281.600
diarrhea,D02.065.589.099.750.750
diarrhea,D02.065.589.099.750.750
diarrhea,D02.065.589.099.750.781
diarrhea,D02.355.726.601
diarrhea,D02.078.100.700
diarrhea,D02.047
diarrhea,D03.633.100.759.758.824.651.700
diarrhea,D09.400.420.700
diarrhea,D10.251.500
diarrhea,D01.029.260.877.740
diarrhea,D02.455.526.510.435
diarrhea,D02.455.326.146.100
diarrhea,D02.455.526.510.435
diarrhea,D02.455.326.146.100
diarrhea,D02.455.526.510.435
diarrhea,D02.455.326.146.100
diarrhea,D02.455.526.510.435
diarrhea,D02.455.326.146.100
diarrhea,D02.455.526.510.435
diarrhea,D02.455.326.146.100
diarrhea,D02.455.526.510.435
diarrhea,D02.455.326.146.100
diarrhea,D02.241.081.222
diarrhea,D02.455.526.510.435
diarrhea,D02.241.081.222
diarrhea,D02.455.526.510.435
diarrhea,D02.241.081.222
diarrhea,D02.455.526.510.435
diarrhea,D02.241.081.222
diarrhea,D02.455.526.510.435
diarrhea,D02.241.081.222
diarrhea,D02.455.526.510.435
diarrhea,D02.241.081.222
diarrhea,D02.455.526.510.435
