jaundice,D03.383.663.283.446.520.914
jaundice,Y03.020
jaundice,D02.455.426.559.389.115
jaundice,D02.455.426.392.368.367
jaundice,D02.455.426.559.847.149
jaundice,D01.928
jaundice,D02.886.778
jaundice,D02.948.511
jaundice,D02.886.778
jaundice,D02.455.326.271.665.146.240
jaundice,D02.455.326.271.665.146.240
jaundice,D02.455.326.271.665.146.240
jaundice,D03.383.606
jaundice,D02.047.850
jaundice,D02.455.426.392.368.450
jaundice,D03.633.100.810
jaundice,D02.241.081.018
jaundice,D03.383
jaundice,D03.383.725
jaundice,D03.383.725
jaundice,D03.383.725
jaundice,D03.383.606
jaundice,D02.886.680.702
jaundice,D04.210.500.745.745.725
jaundice,Y03.020
jaundice,D02.455.849.919.530.444
jaundice,Y03.020
jaundice,D02.455.849.291.300
jaundice,Y03.020
jaundice,D03.633.100.473
jaundice,D02.455.426.559.847.638.638
jaundice,D02.241.223.601.210
jaundice,Y03.020
jaundice,D02.241.081.844.915.162.500
jaundice,D02.455.526.439.681
jaundice,Y03.020
jaundice,D02.455.526.439.681
jaundice,Y03.020
jaundice,D02.455.526.439.681
jaundice,Y03.020
jaundice,D02.309.750
jaundice,D02.309.750
jaundice,D02.309.750
jaundice,D02.309.750
jaundice,D02.355.726.601
jaundice,D02.355.726.601
jaundice,D02.355.726.601
jaundice,D03.383.663.283.266.450
jaundice,D02.455.426.559.389.115
jaundice,D02.355.291.411
jaundice,D02.455.426.559.389.115
jaundice,D02.241.081.069.600
jaundice,D02.309.750
jaundice,D02.455.426.392.368.533
jaundice,D02.455.526.510
jaundice,D03.633.100.127
jaundice,D03.633.100.127
jaundice,D02.540.150
jaundice,Y03.020
jaundice,D02.455.426.559.389.140.450
jaundice,D02.309.750
jaundice,D02.309.750
jaundice,D02.309.750
jaundice,D02.309.750
jaundice,D02.309.750
jaundice,D02.309.750
jaundice,D02.309.750
jaundice,D02.355.726
jaundice,D03.383.663.283.266
jaundice,D03.383.533.640
jaundice,D04.210.500.221
jaundice,D02.886.645.655.850
jaundice,D02.309.750
jaundice,D02.309.750
jaundice,D02.455.426.559.389.565.225
jaundice,D02.241.081.901.434
jaundice,D03.383.129.308
jaundice,D03.633.100.810
jaundice,D02.241.223.100
jaundice,D03.633.100.473
jaundice,D02.455.426.559.389.185
jaundice,D02.455.426.559.389.657.393
jaundice,D02.455.426.559.389.150.700
jaundice,D06.472.931.740.385
jaundice,Y03.020
jaundice,D03.633.100.473
jaundice,D02.309.750
jaundice,D02.309.750
jaundice,D02.309.750
jaundice,D03.383.663.283.266.450.400
jaundice,D03.383.725
jaundice,D02.455.426.559.389.948
jaundice,D03.383.663.283.266.450
jaundice,D04.210.500.105.225.480
jaundice,Y03.020
jaundice,D03.383.663.283.266.450.284.777
jaundice,Y03.020
jaundice,D04.210.500.105.225.480
jaundice,Y03.020
jaundice,D02.241.223.100
jaundice,D03.383.129.385
jaundice,D03.383.129.539
jaundice,D03.383.742
jaundice,D03.383.129.539
jaundice,D03.383.742
jaundice,D02.092.146
jaundice,D02.092.146
jaundice,D02.092.146
jaundice,D02.092.146
jaundice,D03.633.100.127
jaundice,D02.065.277
jaundice,D03.383.246
jaundice,D02.455.426.559.389.657
jaundice,D02.047
jaundice,D03.383.663.283.446.520.914
jaundice,Y03.020
jaundice,D02.241.081.844.915.162
jaundice,D02.654.442
jaundice,D02.654.442
jaundice,D02.455.426.559.389.657
jaundice,D02.455.426.559.389.657
jaundice,D02.455.426.779.347
jaundice,D02.455.426.779.347
jaundice,D02.455.426.779.347
jaundice,D03.383.663.283.446.794.688
jaundice,D03.383.129.308.432.555.730
jaundice,Y03.020
jaundice,D03.383.129.539
jaundice,D03.383.742
jaundice,D03.383.129.539
jaundice,D03.383.742
jaundice,D02.092.570.665
jaundice,D02.886.675
jaundice,D03.633.100.473
jaundice,D02.092.570.665
jaundice,D02.455.426.779.347
jaundice,D03.633.100.473.144
jaundice,D02.500.375
jaundice,D03.383.129.578
jaundice,D02.886.680.702
jaundice,D03.633.100.759.646.138.395
jaundice,Y03.020
jaundice,D02.886.765
jaundice,D03.633.100.759.646.138.395
jaundice,Y03.020
jaundice,D02.886.765
jaundice,D02.455.426.559.847.799.306.400
jaundice,D02.047.850
jaundice,D03.383.129.539.487
jaundice,D02.455.426.559.847.723.590
jaundice,D03.383.129.708.089
jaundice,D03.383.663.283.266.450.260
jaundice,D02.065.199.092.040
jaundice,D02.065.199.092.040
jaundice,D02.065.199.092.040
jaundice,D02.065.199.092.040
jaundice,D02.886.590.795.071
jaundice,D02.886.030.230.259
jaundice,D02.241.081.901.434
jaundice,D02.241.223.100.600
jaundice,D02.455.326.271.665.202.495.050
jaundice,D03.633.100.759.138
jaundice,Y03.020
jaundice,D02.705.429
jaundice,D03.633.100.759.138
jaundice,Y03.020
jaundice,D02.705.429
jaundice,D03.633.100.759.646.138.236
jaundice,D02.886.030.676.180
jaundice,D02.241.223.601.238
jaundice,D06.472.040
jaundice,D02.065
jaundice,D02.065
jaundice,D02.455.426.559.389.150.700.900
jaundice,Y03.020
jaundice,D03.383.663.283.119.075
jaundice,D03.383.663.283.119.075
jaundice,D03.383.663.283.119.075
jaundice,D03.383.663.283.119
jaundice,D03.383.663.283.119.100
jaundice,D03.383.742
jaundice,D03.383.129.308.030
jaundice,Y03.020
jaundice,D13.695.827
jaundice,D03.132.436.681.077
jaundice,D02.065.064
jaundice,D02.455.526.439.042
jaundice,D04.210.500.247.222.159.478
jaundice,D04.210.500.247.222.265
jaundice,D04.210.500.247.222.265
jaundice,D02.455.326.271.665.202.495.818.500.500
jaundice,D000477
jaundice,D02.033.755
jaundice,D02.500.375
jaundice,D02.455.326.271.122
jaundice,D01.248.497.158.874
jaundice,D04.210.500.745.558.075
jaundice,D04.210.500.054.040.248
jaundice,D02.455.526.439.600
jaundice,D02.455.526.439.600
jaundice,D04.210.500.745.745.725.395
jaundice,D02.092.311.342.300
jaundice,Y03.020
jaundice,D03.383.663.283.909.750.249
jaundice,D03.633.100.079.080.030
jaundice,D01.056.031
jaundice,D01.045.250.050
jaundice,D01.695.525
jaundice,D01.056
jaundice,D02.092.831
jaundice,D02.065
jaundice,D02.455.426.559.847.181.384
jaundice,D02.455.426.559.847.181.384
jaundice,D02.172.030
jaundice,D03.383.621.808.425.100
jaundice,D03.383.621.808.425.100
jaundice,D03.633.100.127.075
jaundice,D03.633.100.127.075
jaundice,D03.633.100.127.075
jaundice,D03.633.100.127.075
jaundice,D03.633.100.127.075
jaundice,D03.633.100.127.075
jaundice,D02.455.426.559.847.181.384.100
jaundice,D02.455.426.559.847.181.384.100
jaundice,D02.455.426.559.847.181.384.100
jaundice,D01.210.450.150.050
jaundice,D01.210.450.150.050
jaundice,D03.633.100.810.050.060
jaundice,D02.065.589.099.374.160.060
jaundice,D02.065.589.099.374.160.060
jaundice,D02.092.471.683.152.110
jaundice,D02.241.081.251
jaundice,D02.065.884
jaundice,D045930
jaundice,D04.210.500.054.079.429
jaundice,D04.210.500.054.079.429
jaundice,D04.210.500.054.040
jaundice,D04.210.500.054.040
jaundice,D000806
jaundice,D02.705
jaundice,D09.408.051.374
jaundice,D000925
jaundice,D000927
jaundice,D02.691.075
jaundice,D03.383.931.190
jaundice,D03.383.663.283.266.450.260.110
jaundice,D02.241.223.200.185
jaundice,D03.383.663.283.266.450
jaundice,D05.750.078.937
jaundice,D02.309.750.500
jaundice,D01.268.513.249
jaundice,D01.075.038
jaundice,D01.075.038
jaundice,D01.075.050
jaundice,D01.075.050
jaundice,D01.075.050
jaundice,D01.248.497.158.685.750.212
jaundice,D02.241.081.844.107
jaundice,D02.455.426.559.389.657.410.595.176
jaundice,D03.383.725.068
jaundice,D02.033.100.624.698.070
jaundice,D03.383.129.578.075
jaundice,D03.383.129.578.075
jaundice,D03.383.129.578.075
jaundice,D03.383.129.578.075
jaundice,D02.886.759.111
jaundice,D02.886.759.111
jaundice,D02.886.759.111
jaundice,D02.886.759.111
jaundice,D02.540.576.500.992.050
jaundice,D03.383.129
jaundice,D02.065.589.099.500.044
jaundice,D03.383.663.283.266.450
jaundice,D03.383.742.698.253
jaundice,D10.627.700
jaundice,D04.210.500.745.432.769.125
jaundice,D04.210.500.745.432.769.125
jaundice,D02.092.146.859
jaundice,D03.633.100.127
jaundice,D01.029.260.877.740
jaundice,D03.383.725.203
jaundice,D02.241.081.751
jaundice,D02.241.223.100.050.500.906
jaundice,Y03.020
jaundice,D02.705.400.625
jaundice,D02.241.081.251.869
jaundice,D03.633.100.127.110
jaundice,Y03.020
jaundice,D03.633.100.127.110
jaundice,Y03.020
jaundice,D03.633.100.127.110
jaundice,D03.633.100.127.110
jaundice,D03.633.100.127.110
jaundice,D03.633.100.127
jaundice,D02.455.426.559.847.799.306.400
jaundice,D02.455.426.559.847.389
jaundice,D02.455.426.559.847.723
jaundice,D02.455.426.559.847.723
jaundice,D03.383.663.283.266.450.175.100
jaundice,D03.383.663.283.266.450.175.100
jaundice,D03.383.663.283.266.450.175.100
jaundice,D02.640.672
jaundice,D02.455.426.559.389.134
jaundice,D02.455.426.559.847.799.306.300
jaundice,D02.455.426.559.847.799.306.300
jaundice,D02.455.426.559.847.799.306.300
jaundice,D02.455.426.559.847.799.306.400.350
jaundice,D02.455.849.291.037
jaundice,Y03.020
jaundice,D02.455.849.291.037
jaundice,Y03.020
jaundice,D02.455.849.291.037
jaundice,Y03.020
jaundice,D02.145.074.722.270
jaundice,D03.132.098.057.100
jaundice,D03.383.663.283.446.794
jaundice,D02.455.326.271.665.202.123
jaundice,D04.210.500.365.415.248
jaundice,D04.210.500.365.415.248
jaundice,D04.210.500.365.415.248
jaundice,D04.210.500.365.415.248
jaundice,D02.455.526.439.600
jaundice,D02.455.526.439.600
jaundice,D02.065.277.067
jaundice,D02.065.277.067
jaundice,D02.065.277.067
jaundice,D02.065.199
jaundice,D02.626
jaundice,D02.455.426.559.389.832.661
jaundice,D02.355.726
jaundice,D02.455.849.575.812
jaundice,D04.210.500.105
jaundice,D04.210.500.105
jaundice,D04.210.500.105
jaundice,D03.383.129.578.840.249.184
jaundice,D03.383.129.578.840.249.184
jaundice,D03.383.129.578.840.249.184
jaundice,D03.383.129.578.840.249.184
jaundice,D03.383.129.578.840.249.184
jaundice,Y03.020
jaundice,D02.455.849.575.812.272
jaundice,D03.383.663.283.266.450.400.375
jaundice,D02.455.849.575.812
jaundice,D02.455.426.100.080.100
jaundice,D02.455.426.559.847.638
jaundice,D03.383.129.539
jaundice,D02.241.223.805
jaundice,D02.241.223.805
jaundice,D02.455.326.146.485.222.222
jaundice,Y03.020
jaundice,D02.455.426.559.389.657
jaundice,D02.886.590
jaundice,D03.633.100.473
jaundice,D02.241.081.337.502.524
jaundice,D03.633.100.473
jaundice,D02.241.081.337.502.524
jaundice,D02.455.426.559.389.115
jaundice,D02.455.426.559.389.657
jaundice,D02.455.426.559.389.115
jaundice,D02.455.426.559.389.657
jaundice,D02.455.426.559.389.115
jaundice,D02.455.426.559.389.657
jaundice,D02.455.426.559.389.115
jaundice,D02.455.426.559.389.657
jaundice,D02.241.081.844.915.162.500
jaundice,D02.455.426.559.389.115
jaundice,D02.455.426.559.389.657
jaundice,D02.455.426.559.389.185
jaundice,D03.383.129.799
jaundice,D03.633.100.103
jaundice,D03.383.725.791
jaundice,D03.132.098.038
jaundice,D01.029.260.110.500
jaundice,D02.065.884.135
jaundice,D02.065.884.135
jaundice,D02.540.576.500.875
jaundice,D02.455.426.559.389.657.239.195
jaundice,D03.383.725.620.129
jaundice,D02.455.426.559.389.134
jaundice,D02.455.426.559.389.220
jaundice,D03.633.100.759.646.138.395.225
jaundice,D03.633.100.759.646.138.395.225
jaundice,D02.522.352.506
jaundice,Y03.020
jaundice,D02.455.426.559.389.832.200
jaundice,D04.210.500.745.745.654.105
jaundice,D02.455.326.146.100.050.500
jaundice,D02.065.199.239
jaundice,D03.132.577.249.150
jaundice,D02.522.818.110
jaundice,D02.455.426.779.120
jaundice,D02.455.426.779.120
jaundice,D02.033.455.125.125
jaundice,D02.033.455.125.125
jaundice,D02.455.526.510
jaundice,D03.383.742
jaundice,D02.241.223.100.050.500.643
jaundice,Y03.020
jaundice,D02.705.539
jaundice,D02.522.818.222
jaundice,D03.383.129.308
jaundice,D02.355.601.200.324
jaundice,D02.355.601.200.324
jaundice,D02.241.223.805
jaundice,D01.248.497.158.685.750.925
jaundice,D02.241.223.100.300.460
jaundice,D02.047
jaundice,D02.691.088.100
jaundice,D01.268.556.137
jaundice,D02.241.081.018
jaundice,D01.268.556.137
jaundice,D01.142.175
jaundice,D01.142.175
jaundice,D02.886.590
jaundice,D03.383.129.799
jaundice,D03.132.960.175
jaundice,D03.132.960.175
jaundice,D02.455.426.779.347
jaundice,D01.268.552.100
jaundice,D02.455.426.559.847.638
jaundice,D03.132.151
jaundice,D03.633.100.513.124
jaundice,D10.627.700
jaundice,D03.633.300.240.127
jaundice,D03.633.300.240.127
jaundice,D03.633.300.240.127
jaundice,D03.633.300.240.127
jaundice,Y03.020
jaundice,D02.241.081.251.150
jaundice,D02.455.426.392.368.450
jaundice,D03.383.129.308.108
jaundice,D03.383.129.308.108
jaundice,D01.200.250
jaundice,D02.455.526.439.150
jaundice,D02.455.526.439.150
jaundice,D02.654.692.247
jaundice,D03.383.663.283.240.190
jaundice,D06.472.317.152.700
jaundice,D02.065.589.099.249.200.155
jaundice,D02.065.589.099.249.250.222
jaundice,D02.065.589.099.249.190.190.155
jaundice,D02.065.589.099.249.188
jaundice,Y03.020
jaundice,D02.065.884.247
jaundice,D02.065.884.247
jaundice,D02.065.589.099.249.200
jaundice,D02.065.589.099.249.210
jaundice,D02.065.589.099.249
jaundice,D02.065.589.099.249.190.210
jaundice,D03.383.725
jaundice,D03.383.725
jaundice,D04.210.500.105.225.272.150
jaundice,D04.210.500.105.225.272.150
jaundice,D04.210.500.105.225.272.150
jaundice,D03.383.725
jaundice,D03.383.742
jaundice,D02.455.526.728.650.156
jaundice,D02.455.526.439.180
jaundice,D02.455.526.439.180
jaundice,D02.455.526.439.190
jaundice,D02.455.526.439.190
jaundice,D03.633.100.079.080.150
jaundice,D02.705.400.120
jaundice,D02.355.726
jaundice,D02.241.223.601.238.306
jaundice,D02.309.750.500.077
jaundice,D02.241.223.200.185
jaundice,D02.241.223.601.238.306
jaundice,D03.633.100.810.050.180
jaundice,D02.654.692.768
jaundice,Y03.020
jaundice,D03.383.725.620.150
jaundice,D02.886.369.198
jaundice,D02.886.369.198
jaundice,D02.886.369.198
jaundice,D02.886.369.198
jaundice,D02.886.369.198
jaundice,D02.886.590.795.283
jaundice,D02.886.590.795.283
jaundice,D02.241.081.251.583.177
jaundice,D02.886.952.250
jaundice,D02.705.400.625.100
jaundice,D02.065.884.365
jaundice,D03.633.100.221.346
jaundice,D04.210.500.221
jaundice,D02.886.645.655.850
jaundice,D04.210.500.247.100
jaundice,D04.210.500.247.222.284
jaundice,D04.210.500.247.222.284
jaundice,D04.210.500.247.808.197.225
jaundice,D04.210.500.105.225.130
jaundice,D04.210.500.105.225.130
jaundice,D04.210.500.105.225.130
jaundice,D04.210.500.105.225
jaundice,D02.033.100.291.211
jaundice,D02.033.100.291.211
jaundice,E02.183.750.500
jaundice,D02.455.526.728.650.730.243
jaundice,D02.455.426.559.847.562.050.200.175
jaundice,D04.210.500.745.432.719.702
jaundice,D03.132.436.681.827.817
jaundice,D01.268.556.175
jaundice,D03.383.129.578.840.500.725
jaundice,D03.383.663.283.266.450
jaundice,D02.455.426.559.847.117.159
jaundice,D02.355.291.205
jaundice,D02.078.370.200
jaundice,D10.627.675
jaundice,D03.383.606.290
jaundice,D02.241.081.114.968.500
jaundice,D03.633.100.810.835.322.186
jaundice,D03.633.100.810.835.322.186
jaundice,D03.633.100.810.835.322.186
jaundice,D02.092.831.170
jaundice,D03.633.100.786
jaundice,D03.383.773.165
jaundice,D03.383.773.532.500.125
jaundice,D03.633.100.079.080.165
jaundice,D04.210.500.908.093.250
jaundice,D02.241.081.114.968.500.500.195
jaundice,D02.241.081.114.968.500.500.195
jaundice,D02.241.081.114.968.500.500.195
jaundice,D02.241.081.114.968.500.500
jaundice,D02.241.081.114.968.500.500
jaundice,D02.455.426.559.389.150.700.125
jaundice,D03.633.100.079.080.070.150
jaundice,D03.633.100.079.080.070.150
jaundice,D02.092.831.180
jaundice,D03.383.129.308.175
jaundice,D03.383.129.308.175
jaundice,D20.215.784.750.186
jaundice,D02.065.589.099.750.625.150
jaundice,D02.065.589.099.750.625.150
jaundice,D03.633.300.240.220
jaundice,D03.633.300.240.220
jaundice,D03.633.300.240.220
jaundice,D02.145.074.722.388
jaundice,D03.633.100.531
jaundice,D03.633.100.531
jaundice,D10.212.302.380.360
jaundice,D03.132.225
jaundice,D02.455.849.291.300
jaundice,D02.455.849.291.300
jaundice,D02.455.849.291.300
jaundice,D02.047.122
jaundice,Y03.020
jaundice,D003276
jaundice,D01.268.556.195
jaundice,D01.268.556.195
jaundice,D01.875.800.800.850.150
jaundice,D01.875.800.800.850.150
jaundice,D01.875.800.800.850.150
jaundice,D10.627.675
jaundice,D10.627.700
jaundice,D04.210.500.745.745.654.237
jaundice,D04.210.500.745.745.183
jaundice,D03.383.663.283.266.450.400.187
jaundice,D02.078.370.280
jaundice,D02.455.426.559.847.723
jaundice,D01.268.556.195
jaundice,D02.455.426.392.368.367.190
jaundice,D02.455.326.146.485.222.222
jaundice,D02.455.326.146.485.222.222
jaundice,D04.345.566.447
jaundice,D02.705.539
jaundice,D03.383.621.808.240
jaundice,D02.455.526.728.650.730.243
jaundice,D02.455.526.728.650.730.243
jaundice,D04.345.566.235.300
jaundice,D04.345.566.235.300
jaundice,D04.345.566.235.300
jaundice,D02.626
jaundice,D02.455.849.575.812
jaundice,D02.626
jaundice,D02.455.849.575.812
jaundice,D02.455.849.575.812
jaundice,D03.383.129.799
jaundice,D03.383.129.799
jaundice,D03.383.742
jaundice,D02.455.426.559.847.181.384.340
jaundice,D04.210.500.745.432.219.150
jaundice,D04.210.500.745.432.219.150
jaundice,D02.886.030.230
jaundice,D02.241.081.018.386.682.224
jaundice,D02.241.081.018.386.682.224
jaundice,D03.633.300.200
jaundice,D03.633.300.200
jaundice,D03.383.663.283.266.450.400
jaundice,D04.210.500.745.432.235
jaundice,D04.210.500.745.432.235
jaundice,D03.383.129.308.432.555.287
jaundice,D02.886.590.263
jaundice,D02.886.590.263
jaundice,D02.455.426.559.847.562.050.200
jaundice,D02.455.526.439.255
jaundice,D02.455.526.439.255
jaundice,D02.355.726.601
jaundice,D02.626
jaundice,D02.455.849.575.812
jaundice,D01.837.800
jaundice,D02.145.150.500
jaundice,D02.145.150.500
jaundice,D04.210.500.054.079.429.625
jaundice,D04.210.500.054.079.429.625.300
jaundice,D02.455.526.439.600
jaundice,D02.455.326.146.485.222.222
jaundice,Y03.020
jaundice,D04.210.500.105.225.272
jaundice,D04.210.500.105.225.272
jaundice,D04.210.500.105.225.272
jaundice,D02.455.426.559.847.181.384.340.500
jaundice,Y03.020
jaundice,D02.455.426.559.847.638
jaundice,D04.210.500.745.432.769.344
jaundice,D04.210.500.745.432.769.344
jaundice,D04.210.500.745.432.769.344
jaundice,D04.210.500.745.432.769.344
jaundice,D04.210.500.745.432.769.344
jaundice,Y03.020
jaundice,D04.210.500.745.432.769.344
jaundice,Y03.020
jaundice,D09.698.365.272.300
jaundice,D02.691.800.338
jaundice,D02.691.800.338
jaundice,D03.633.100.079.080.070.216
jaundice,D03.633.100.079.080.070.216
jaundice,D02.455.426.559.847.799.306
jaundice,D02.065.355
jaundice,D02.241.223.805.225
jaundice,D03.633.100.759.646.138.395.250
jaundice,D02.705.539
jaundice,D02.241.081.018.214.500
jaundice,D01.210.375
jaundice,D01.210.375
jaundice,D02.455.526.439.294
jaundice,D02.455.526.439.292
jaundice,D02.455.526.439.292
jaundice,D02.455.326.271.367.300
jaundice,D02.241.223.601.210
jaundice,D02.241.223.601.210
jaundice,D02.241.223.601.210
jaundice,D02.241.223.601.210
jaundice,D02.065.589.099.750.625.150.205
jaundice,D02.065.589.099.750.625.150.205
jaundice,D02.455.426.559.389.261.220
jaundice,D02.705
jaundice,D02.241.223.805
jaundice,D02.241.223.805
jaundice,D03.633.100.759.590.138.325.105
jaundice,D02.455.526.439.371
jaundice,D02.455.526.439.371
jaundice,D10.212.302
jaundice,D10.212.302
jaundice,D10.212.302
jaundice,D02.241.223.805.250
jaundice,D02.241.223.805.250
jaundice,D02.241.223.805.250
jaundice,D02.241.081.337.502
jaundice,D02.654.442.200
jaundice,D02.654.442.200
jaundice,D02.654.442.200
jaundice,D02.241.223.805
jaundice,D02.455.426.559.389.150.700.175
jaundice,D26.310
jaundice,D03.383.742.698.253.650
jaundice,D02.455.426.559.389.703.280
jaundice,D02.455.426.559.389.657.410.595.303
jaundice,D03.132.327.412.225
jaundice,D03.132.327.412.225
jaundice,D04.210.500.247.222.159.478.387.300
jaundice,D04.210.500.247.222.159.478.387.300
jaundice,D04.210.500.247.222.159.478.387.300
jaundice,D02.241.223.805.225
jaundice,Y03.020
jaundice,D02.241.223.805
jaundice,D02.241.223.805
jaundice,D03.383.066.200
jaundice,D02.455.426.100.050.035.500
jaundice,D02.691.088.100
jaundice,Y03.020
jaundice,D02.241.223.805
jaundice,D02.241.223.805
jaundice,D02.455.426.559.389.261.250
jaundice,D02.241.223.805
jaundice,D04.210.500.247.515.500
jaundice,Y03.020
jaundice,D04.210.500.247.515.500
jaundice,D04.210.500.247.515.500
jaundice,D03.383.663.283.266.450.260.222
jaundice,D02.092.146.350
jaundice,D03.383.725.227
jaundice,D03.383.725.227
jaundice,D02.241.081.251.869.220.250
jaundice,D02.705.400.625.230
jaundice,D02.455.426.559.389.703.397
jaundice,D02.455.426.392.368.242.888.389
jaundice,D02.455.426.392.368.242.888.389
jaundice,D02.455.426.392.368.242.888.389
jaundice,D02.886.680.350.250
jaundice,D02.455.426.559.847.562.050.200.175
jaundice,D02.455.426.559.847.562.050.200.175
jaundice,D02.455.426.559.847.562.050.200.175
jaundice,D02.455.426.559.847.562.900.200
jaundice,D03.383.725.259
jaundice,D20.215.784.500.350
jaundice,D20.215.784.500.350
jaundice,D02.886.778.260
jaundice,D04.210.500.745.432.296
jaundice,D03.383.725
jaundice,D03.383.129.708.089
jaundice,D02.455.426.559.389.097
jaundice,D02.886.675
jaundice,D03.383.129.308.250
jaundice,D03.383.533.249
jaundice,D02.241.081.114
jaundice,D02.455.426.559.847.117.159.205.400
jaundice,D02.455.426.559.847.117.159.205.400
jaundice,D12.644.456.345.360
jaundice,D12.644.456.345.360
jaundice,D02.886.092.408
jaundice,D02.886.092.408
jaundice,D02.886.092.408
jaundice,Y03.020
jaundice,D23.946.123.329
jaundice,D23.946.123.329
jaundice,D02.455.526.439.416
jaundice,D02.355.601.400
jaundice,D03.383.129.308
jaundice,D03.383.129.308
jaundice,D02.455.526.728.650.594
jaundice,Y03.020
jaundice,D12.644.400.575.281.231.500
jaundice,Y03.020
jaundice,D02.065.277
jaundice,D03.383.725
jaundice,D02.455.426.559.847.562.050.200.175.200
jaundice,D02.455.426.559.847.562.050.200.175.200
jaundice,D04.210.500.745.640
jaundice,Y03.020
jaundice,D03.383.663.283.240.190
jaundice,Y03.020
jaundice,D02.355.291.411
jaundice,D03.383.129.799
jaundice,D03.633.100.786.375
jaundice,D01.248.497.158.874
jaundice,D02.262.775
jaundice,D02.033.100.624
jaundice,D04.210.500.365.415.248
jaundice,Y03.020
jaundice,D04.210.500.365.415.248
jaundice,Y03.020
jaundice,D04.210.500.365.415.248
jaundice,Y03.020
jaundice,D06.472.334.851.437.988
jaundice,D04.210.500.365.415.414
jaundice,D04.210.500.365.415.414
jaundice,Y03.020
jaundice,D02.241.081.018.386.682.300
jaundice,D02.092.146.859.717
jaundice,Y03.020
jaundice,D02.092.782.258.368.265
jaundice,D02.092.782.258.368.265
jaundice,D02.033.375
jaundice,D02.033.375
jaundice,D04.210.500.668.651.568.291
jaundice,D04.210.500.668.651.568.291
jaundice,D04.210.500.668.651.568.291
jaundice,D04.210.500.668.651.568.291
jaundice,D02.705.539
jaundice,D02.455.849.575.812
jaundice,D02.705.539
jaundice,D03.383.129.308.432.555
jaundice,D03.633.100.810.200
jaundice,D03.633.100.810.200
jaundice,D03.633.100.079
jaundice,D02.705.400
jaundice,D02.455.326.146.379.350
jaundice,D02.065.793
jaundice,D02.705.429.500.830
jaundice,D02.455.426.559.847.638.960.675.250
jaundice,D02.455.426.559.847.638.960.675.250
jaundice,D02.455.326.271.665.202.495.250
jaundice,D02.455.326.271.665.202.495.250
jaundice,D02.241.223.200.054.500
jaundice,D02.455.426.559.389.657.852.900
jaundice,D02.455.426.559.389.657.852.900
jaundice,D02.886.675.215
jaundice,D03.383.725.203.250
jaundice,D02.705
jaundice,D03.383.742
jaundice,D02.626
jaundice,D03.383.129.799
jaundice,D02.705.400.625.300
jaundice,D02.241.081.114.968.500.625
jaundice,D02.241.081.114.968.500.625
jaundice,D02.241.081.114.968.500.625
jaundice,D02.626
jaundice,D02.455.849.575.812
jaundice,D01.490.100
jaundice,D02.241.081.018.588
jaundice,Y03.020
jaundice,D02.455.426.559.389.115.800
jaundice,Y03.020
jaundice,D02.455.426.559.389.115.800
jaundice,Y03.020
jaundice,D005343
jaundice,D04.210.500.054.079.500
jaundice,D02.626
jaundice,D03.383.129.799
jaundice,D02.626
jaundice,D03.383.129.799
jaundice,D03.383.606
jaundice,D03.383.129.539
jaundice,D03.383.129.539
jaundice,D03.383.663.283.266.450
jaundice,D10.627.430
jaundice,D005411
jaundice,D02.065.589.099.750.625.150.250
jaundice,D02.065.589.099.750.625.150.250
jaundice,D03.383.742.680.852.300.350
jaundice,D03.383.742.680.852.300.350
jaundice,D03.383.129.799.450
jaundice,D02.241.223.601
jaundice,D03.383.246
jaundice,D03.383.129.578
jaundice,D04.210.500.745.432.370
jaundice,Y03.020
jaundice,D02.092.146
jaundice,D03.633.300.953
jaundice,D02.065.064.150
jaundice,D02.065.064.150
jaundice,D02.455.426.779.347
jaundice,D03.633.100.733.631.192.500
jaundice,Y03.020
jaundice,D02.455.426.779.347
jaundice,D03.383.742.698.875.404
jaundice,D03.383.742.698.875.404
jaundice,D04.210.500.054.079.429.154.349
jaundice,D02.886.369.326
jaundice,Y03.020
jaundice,D02.092.080
jaundice,D03.633.100.079.080.070.348
jaundice,D02.241.081.751.161
jaundice,D02.065.199.420
jaundice,D02.065.199.420
jaundice,D02.065.199.420
jaundice,D02.065.199.420
jaundice,D04.210.500.054.079.129.114
jaundice,D02.065.199
jaundice,D02.626
jaundice,D02.455.849.575.812
jaundice,D03.633.100.473.305
jaundice,D03.633.100.473.305
jaundice,D02.092.570.665.250
jaundice,D02.065.064
jaundice,D02.886.675.867
jaundice,D03.633.100.733.631.400
jaundice,D02.065.589.099.124.300.500
jaundice,D02.065.589.099.124.300.500
jaundice,D03.383.663.283.266.450.400
jaundice,D03.633.100.733.631.400.800.350.450
jaundice,D02.455.426.559.389.150.700.175
jaundice,Y03.020
jaundice,D02.705.629.500
jaundice,D02.705.629.500
jaundice,D04.210.500.365.415.248.660
jaundice,D04.210.500.365.415.248.660
jaundice,D02.455.326.146.432
jaundice,D03.383.312
jaundice,D03.383.312
jaundice,D02.640.600.313
jaundice,D02.065.884.725.300
jaundice,D04.210.500.247.222.222.347.389
jaundice,D04.210.500.247.222.222.347.389
jaundice,D03.383.663.283.266.450
jaundice,D03.633.100.759.758.399.454.250.300
jaundice,D02.241.081.114.968.500.750
jaundice,D02.241.081.844.915.162
jaundice,D02.241.081.114.968.500.750
jaundice,Y03.020
jaundice,D03.383.663.283.266.450.400.375
jaundice,D03.383.663.283.266.450.400.375
jaundice,D03.383.663.283.266.450.400.375
jaundice,D09.408.051.374
jaundice,D09.408.051.374
jaundice,D02.455.849.765.787
jaundice,D20.215.784.500
jaundice,D02.540
jaundice,D02.455.849.291.400
jaundice,D02.540
jaundice,D02.455.849.291.400
jaundice,D02.540
jaundice,D02.455.849.291.400
jaundice,D02.540
jaundice,D02.455.849.291.400
jaundice,D02.455.849.919.277
jaundice,D02.455.849.919.277
jaundice,D02.455.849.919.277
jaundice,D02.455.849.919.277
jaundice,D02.241.223.100.050.400.300
jaundice,D02.886.590.795
jaundice,D02.886.590.795
jaundice,D005938
jaundice,D005938
jaundice,D09.947.875.359.448
jaundice,D09.947.875.359.448
jaundice,D12.644.456.448
jaundice,D12.644.456.448
jaundice,D12.644.456.448
jaundice,D12.644.456.448
jaundice,D02.455.426.559.847.799.306.400.350
jaundice,D12.644.456.448.500
jaundice,D12.644.456.448
jaundice,Y03.020
jaundice,D02.886.590.795.575
jaundice,D02.886.590.795.575
jaundice,D02.886.590.795.575
jaundice,D02.455.849.919.530.444
jaundice,D02.455.849.919.530.466
jaundice,D03.633.100.473.144
jaundice,D01.268.556.322
jaundice,D02.241.081.337.463.703.451
jaundice,D03.633.100.127.275
jaundice,D03.633.100.127.275
jaundice,D03.633.100.079
jaundice,D03.383.742
jaundice,D02.078.370.460
jaundice,D20.215.784.500
jaundice,D05.750.078.739
jaundice,D03.383.129.385
jaundice,D03.383.129.385
jaundice,D03.383.129.385
jaundice,D02.455.526.340
jaundice,D09.698.373.400
jaundice,D02.455.526.439.516
jaundice,D02.455.526.439.516
jaundice,D02.455.526.439.516.350
jaundice,D02.455.526.439.516.350
jaundice,D006540
jaundice,D03.383.663.283.266.450.252.500
jaundice,D02.455.426.559.389.185.680
jaundice,D02.455.526.368
jaundice,D02.455.426.559.389.185.680
jaundice,D02.455.526.439.600
jaundice,D02.455.426.559.389.150.700.175.450
jaundice,D03.132
jaundice,D03.633.100.531.820
jaundice,D03.132
jaundice,D03.633.100.531.820
jaundice,D02.455.326.271.665.202.495.270
jaundice,D20.215.784.500.350
jaundice,D02.886.952.450
jaundice,D03.383.710.605.500
jaundice,D03.132.098
jaundice,D01.268.406
jaundice,D01.248.497.158.685.750.424
jaundice,D01.248.497.158.685.750.424
jaundice,D02.241.223.100.300.200.299
jaundice,D02.241.223.100.300.200.299
jaundice,D03.132.206.636
jaundice,Y03.020
jaundice,D03.383.129.799.550
jaundice,Y03.020
jaundice,D03.383.606.515
jaundice,D02.455.849.291.037
jaundice,Y03.020
jaundice,D02.455.426.559.389.657.684
jaundice,Y03.020
jaundice,D02.455.849
jaundice,D02.241.223.701.430
jaundice,D02.241.223.701.430
jaundice,D02.455.526.728.650.730.243.250
jaundice,D03.383.129.308
jaundice,D03.633.300.240.485
jaundice,D02.455.426.559.389.261
jaundice,D02.455.426.559.847.486.487
jaundice,D02.065.884.540
jaundice,D03.633.100.473.400
jaundice,D03.633.100.473
jaundice,D03.633.100.473.420
jaundice,D03.633.100.473.420
jaundice,D02.241.223.701.450
jaundice,D12.776.097
jaundice,D23.946.123.329
jaundice,D12.776.543.695.444
jaundice,D03.383.742.680.852.300.400
jaundice,D10.251.355.391
jaundice,D03.383.129.308.030
jaundice,Y03.020
jaundice,D03.383.129.308.432.555
jaundice,D02.455.426.559.389.185.413
jaundice,D03.132.151.425
jaundice,D02.033.100.400
jaundice,D02.705.539
jaundice,D02.355.601.570
jaundice,D02.522.818.222
jaundice,D02.442.436
jaundice,D02.442.436
jaundice,D26.310
jaundice,D02.442.436
jaundice,D03.383.679.750
jaundice,D03.633.400.811.700
jaundice,D03.383.663.283.446.794
jaundice,D02.241.223.601.238.306
jaundice,D10.212.302.380.410.385
jaundice,Y03.020
jaundice,D02.033.100.291.439
jaundice,D02.886.778
jaundice,D02.455.426.559.389.703
jaundice,D02.033.800.813.480
jaundice,D02.065.277
jaundice,D03.383.129.385
jaundice,D03.383.725.203.310
jaundice,D03.383.129.799.550
jaundice,D03.383.129.799.550
jaundice,D03.383.129.799.550
jaundice,D02.540.576.500.997
jaundice,D10.627.700
jaundice,D04.345.566
jaundice,D20.215.784.500.350
jaundice,D03.383.066
jaundice,D03.383.129.799
jaundice,D03.383.066
jaundice,D03.383.129.799
jaundice,D10.627.700
jaundice,D02.355.601.200
jaundice,D03.383.066
jaundice,D03.383.663.283.266.450.284.388
jaundice,D03.383.606.560
jaundice,D03.383.606.560
jaundice,D03.383.606.560
jaundice,D03.383.606.560
jaundice,D02.540.576.500.992.445
jaundice,D02.886.590.700.545
jaundice,Y03.020
jaundice,D03.383.663.718
jaundice,D03.383.663.718
jaundice,D03.633.100.473.144
jaundice,D03.383.129.578
jaundice,D03.383.533.640
jaundice,D03.383.533.640
jaundice,D02.033.100.291.460
jaundice,D09.698.629.305.423
jaundice,D03.383.931.480
jaundice,D02.886.640.074.249
jaundice,D03.633.100.786.516
jaundice,D01.268.556.435
jaundice,D02.705.429.500
jaundice,D02.455.326.146.571
jaundice,D03.383.129.385.475
jaundice,D03.383.129.385.475
jaundice,D10.627.700
jaundice,D02.455.849
jaundice,D10.627.700
jaundice,D02.455.849
jaundice,D10.627.700
jaundice,D02.455.849
jaundice,D02.241.223.805.810.400
jaundice,D02.705.429.812.500
jaundice,D02.065.064.432
jaundice,D02.065.064.432
jaundice,D02.065.199.092.500
jaundice,D02.455.426.559.389.140.450
jaundice,D02.540.150
jaundice,Y03.020
jaundice,D02.455.426.559.389.703.515
jaundice,D10
jaundice,D09.400.500
jaundice,D09.400.500
jaundice,D09.400.500
jaundice,D09.400.500
jaundice,D09.400.500
jaundice,D12.644.456.345.600
jaundice,D04.210.500.105.225.480
jaundice,D04.210.500.105.225.480
jaundice,D04.210.500.105.225.480
jaundice,D04.210.500.105.225.480
jaundice,Y03.020
jaundice,D03.383.621.440
jaundice,D03.383.742.698.553
jaundice,D02.455.426.559.847.181.384.340.500
jaundice,D02.455.426.559.847.181.384.340.500
jaundice,D02.455.426.559.847.638.400
jaundice,D02.455.426.559.847.638.400
jaundice,D02.455.426.559.847.638.400
jaundice,D02.455.426.559.847.638.400
jaundice,D10.251.355.255.100.450.855.455
jaundice,D03.383.663.283.266.450.260.555
jaundice,D03.383.129.539
jaundice,D03.633.100.810
jaundice,D03.383.742
jaundice,D02.065.884
jaundice,D03.383.710.400
jaundice,D02.455.426.559.847.117.600
jaundice,E02.183.750.500
jaundice,D09.400.420.110
jaundice,D03.633.100.733.631.400.800.350.450
jaundice,D02.455.526.728.650.730.243
jaundice,D04.210.500.745.432.769.344
jaundice,D02.455.426.559.847.562.050.200.175
jaundice,D03.633.100.733.631.192.500
jaundice,D03.132.436.681.827.817
jaundice,D02.705.400.625
jaundice,D02.455.426.559.389.115.475
jaundice,D03.633.100.079.080.550
jaundice,D04.210.500.745.745.654.829.395.700.500
jaundice,D04.210.500.745.745.654.829.395.700.500
jaundice,D02.065.199.092
jaundice,D03.383.129.708.089
jaundice,D02.241.223.100.050.400.200.555
jaundice,D03.633.100.810.410
jaundice,D04.210.500.745.432.531
jaundice,D03.633.100.473.914.481
jaundice,D02.033.415.510.500.605
jaundice,D02.033.415.510.500.605
jaundice,D03.383.129.308.432.555.620
jaundice,D03.383.742.698.253.434
jaundice,D01.210.450.150.525
jaundice,D01.210.450.150.525
jaundice,D01.268.556.504
jaundice,D02.455.849.291.037
jaundice,Y03.020
jaundice,D02.078.370.141.450
jaundice,D02.078.370.141.450
jaundice,D02.078.370.141.450
jaundice,D02.078.370.141.450
jaundice,D02.092.877.883.555.500
jaundice,D02.092.782.258.368.500
jaundice,D02.092.782.258.368.500
jaundice,D02.092.782.258.368.500
jaundice,D02.886.675.867.537
jaundice,D02.705.539
jaundice,D02.886.489.600
jaundice,D02.886.489.600
jaundice,D02.241.081.251.583.555
jaundice,D02.886.030.676
jaundice,D02.886.030.676
jaundice,D03.633.100.733.631.192.500
jaundice,D03.633.100.733.631.192.500
jaundice,D03.633.100.733.631.192.500
jaundice,D03.633.100.733.631.192.500
jaundice,D02.455.526.439.610
jaundice,D02.355.417.600
jaundice,D03.383.663.283.446.794.500
jaundice,D03.383.663.283.446.794.500
jaundice,D03.383.663.283.446.794.500
jaundice,D02.886.590.795
jaundice,D02.455.426.559.847.149.500
jaundice,D02.455.426.559.847.149.500
jaundice,D02.092.311.200.538
jaundice,D02.092.311.200.538
jaundice,D03.633.100.473.808
jaundice,D02.691.750.100.738
jaundice,D02.886.030.230
jaundice,Y03.020
jaundice,D02.691.750.100.738
jaundice,D02.455.326.146.100.050.500.500
jaundice,D02.092.471.683.152.670
jaundice,D02.092.471.683.152.670
jaundice,D02.241.223.601.600
jaundice,D04.210.500.745.432.769.795.539
jaundice,D04.210.500.054.079.429.824.664
jaundice,D03.132.327.287.689
jaundice,D02.065.064
jaundice,D02.065.884.600
jaundice,D02.065.884.600
jaundice,D02.640.672.500
jaundice,D02.640.672.500
jaundice,D03.383.725.463
jaundice,D02.455.426.559.847.638.400
jaundice,Y03.020
jaundice,D02.065.589.099.750.750.050.500
jaundice,D03.383.129.308.550
jaundice,D03.633.100.079.080.575
jaundice,D02.540.576.500.999
jaundice,D04.210.500.365.415.580
jaundice,D04.210.500.365.415.580
jaundice,D02.455.426.559.847.562.900.550
jaundice,D02.241.223.805.250
jaundice,Y03.020
jaundice,D02.241.223.805.250
jaundice,Y03.020
jaundice,D02.455.426.559.389.657.393
jaundice,D02.241.223.805
jaundice,D02.241.223.805
jaundice,D02.705.400.550
jaundice,D02.241.223.805
jaundice,D01.075
jaundice,D02.691
jaundice,D02.241.223.805
jaundice,D02.241.223.805
jaundice,D02.241.081.018
jaundice,D03.633.100.810
jaundice,D03.633.100.810.835.322.327
jaundice,D09.698.629.305
jaundice,D02.455.426.559.389.150.700
jaundice,D12.125.481
jaundice,Y03.020
jaundice,D03.383.129.462
jaundice,D04.210.500.105.225
jaundice,D02.241.081.193.678
jaundice,D02.241.081.193.678
jaundice,D02.241.081.193.678
jaundice,Y03.020
jaundice,D02.241.081.844.915.162.500
jaundice,D03.383.663.283.266.450
jaundice,D02.065.199
jaundice,D03.383.129.539
jaundice,D02.065.199
jaundice,D03.383.129.539
jaundice,D02.065.199
jaundice,D03.383.129.539
jaundice,D02.065.277
jaundice,D03.383.725
jaundice,D02.065
jaundice,D03.633.100.531
jaundice,D02.065.884
jaundice,D03.633.100.531
jaundice,D02.065.884
jaundice,D02.522.296.650
jaundice,D02.065.589.099.750.562
jaundice,D03.383.312.620
jaundice,D03.633.100.612.500
jaundice,D01.268.150.250.500
jaundice,D01.268.150.250.500
jaundice,D02.455.426.559.389.657.625
jaundice,D02.455.426.559.847.638.870
jaundice,D02.455.426.559.847.638.870
jaundice,D02.455.426.559.847.638.870
jaundice,D02.455.426.559.847.638.472.500
jaundice,D03.383.663.283.266.450.252
jaundice,D02.065.884
jaundice,D02.092.146.859
jaundice,D03.383.606
jaundice,D03.383.129.799
jaundice,D03.383.606
jaundice,D03.383.129.799
jaundice,D03.633.100.531.520
jaundice,D03.633.100.531.520
jaundice,D09.408.051.623
jaundice,D03.066.515.475
jaundice,D03.383.725.203.510
jaundice,D01.268.556.607
jaundice,D03.383.725.203.540
jaundice,D03.383.725.203.540
jaundice,D03.383.725.203.540
jaundice,D02.640.600
jaundice,D02.065.884
jaundice,D02.065.884
jaundice,D03.383.725.203.570
jaundice,D01.339.387
jaundice,D02.355.726
jaundice,D02.640.600.566
jaundice,D02.640.600.566
jaundice,D02.654.846.500.249
jaundice,D02.886.675.500
jaundice,D02.065
jaundice,D03.633.100.103.637
jaundice,D03.633.100.531.535
jaundice,D02.455.526.439
jaundice,D02.455.426.559.389.657
jaundice,D04.210.500.668.651.693.651
jaundice,D03.633.100.810.835.322.374
jaundice,D04.210.500.668.651.693.762
jaundice,Y03.020
jaundice,D02.455.426.559.847.181.384.535
jaundice,D02.455.849.919.277
jaundice,D02.455.849.919.277
jaundice,D03.383.773.812
jaundice,D03.383.773
jaundice,D04.210.500.105.225.272.150
jaundice,Y03.020
jaundice,D04.210.500.105.225.272.150
jaundice,Y03.020
jaundice,D03.383.663.283.446.800.500
jaundice,D03.383.663.283.446.800.500
jaundice,D01.837.800
jaundice,D04.345.566.650
jaundice,D04.345.566.650
jaundice,D03.633.100.810.835.322.500
jaundice,D10.627.675
jaundice,D02.355.291.705
jaundice,D03.383.129.308
jaundice,D03.383.129.617
jaundice,D03.383.679
jaundice,D10.212.302.380.410
jaundice,D10.212.302.380.410
jaundice,D02.886.640.074.500
jaundice,D02.886.640.074.500
jaundice,D02.886.640.074.500
jaundice,D02.455.426.392.368.367
jaundice,D02.705.539
jaundice,D02.455.526.439.255
jaundice,D02.455.526.439.255
jaundice,D02.712
jaundice,D02.540.529
jaundice,D02.092.471.600
jaundice,D02.455.526.439.681
jaundice,D02.455.526.439.681
jaundice,D02.455.526.439.681
jaundice,D02.065.589.099.750.625
jaundice,D03.383.129.462.580
jaundice,D02.691.214.500
jaundice,D02.241.081.751.634
jaundice,D03.383.129.308
jaundice,D02.241.223.475
jaundice,D03.132.577.249.562.149.575
jaundice,D03.132.577.249.562.149.575
jaundice,D02.355.726.601
jaundice,D01.268.185.550
jaundice,D01.268.185.550
jaundice,D02.455.426.392.368.242.888.777
jaundice,D02.455.426.392.368.242.888.777
jaundice,D02.455.426.392.368.242.888.777
jaundice,D03.383.129.385.650
jaundice,D02.241.081.114.500.350
jaundice,Y03.020
jaundice,D02.478.520
jaundice,Y03.020
jaundice,D02.886.640.074.625
jaundice,D03.132.098.666
jaundice,D03.383.725.762.621
jaundice,D03.383.725.762.621
jaundice,D02.705.400.625.600
jaundice,D03.383.621.600
jaundice,D03.383.621.600
jaundice,D02.455.849.765
jaundice,D20.633
jaundice,D20.633
jaundice,D03.383.742
jaundice,D02.065.884
jaundice,D03.383.742
jaundice,D02.065.884
jaundice,D02.309.750
jaundice,D02.309.750
jaundice,D03.383.129.462.673
jaundice,D02.033.100.624.698.688
jaundice,D03.383.129.799
jaundice,D02.455.426.559.389.703
jaundice,D02.092.146
jaundice,D02.886.030.786
jaundice,D02.886.030.786
jaundice,D12.644.400.575.281.600
jaundice,D02.065.589.099.750.750
jaundice,D02.065.589.099.750
jaundice,D02.065.589.099.750.781
jaundice,D02.455.426.559.389.185.680
jaundice,D02.355.726.601
jaundice,D02.355.726.601
jaundice,D02.455.426.559.389.657.190.633
jaundice,D02.455.426.559.389.657.190.633
jaundice,D03.383.742.698.253.593
jaundice,D10.627.700
jaundice,D02.455.526.510.435
jaundice,D10.251.175
jaundice,D02.455.526.510.435
jaundice,D10.251.175
jaundice,D02.455.526.510.435
jaundice,D10.251.500
jaundice,D02.455.526.510.435
jaundice,D10.251.450
jaundice,D01.029.260.877.740
jaundice,D01.029.260.877.740
jaundice,D02.241.081.193
jaundice,D02.455.526.510.435
jaundice,D10.251.450
jaundice,D10.251
jaundice,D02.455.526.510.435
jaundice,D02.455.526.510.435
jaundice,D10.251
jaundice,D02.455.526.510.435
jaundice,D02.455.326.146.100
jaundice,D02.455.526.510.435
jaundice,D02.455.326.146.100
jaundice,D02.455.526.510.435
jaundice,D02.455.326.146.100
jaundice,D02.241.081.222
jaundice,D02.455.526.510.435
jaundice,D02.241.081.222
jaundice,D02.455.526.510.435
jaundice,D02.241.081.222
jaundice,D02.455.526.510.435
jaundice,D03.383.621.644
jaundice,D03.383.621.644
jaundice,D03.383.621.644
jaundice,Y03.020
jaundice,D02.455.849.575.812.636
jaundice,D02.455.849.575.812.636
jaundice,D20.345.630
jaundice,D04.345.566.735
jaundice,D03.383.725.050.610
jaundice,D03.383.725.050.610
jaundice,D02.500.375
jaundice,D02.455.426.559.847.486.487.750
jaundice,D03.383.742.698.253.650
jaundice,D03.383.742.698.253.650
jaundice,D03.383.742.698.253.650
jaundice,D03.383.742.698.253.650
jaundice,D03.383.742.698.253.650
jaundice,D02.455.426.559.389.657.625.555
jaundice,D02.455.426.559.389.657.625
jaundice,D02.455.426.559.389.657.625.560
jaundice,D02.092.471.739
jaundice,D03.383.663.283.446.520.750
jaundice,D03.383.663.283.446.520.750
jaundice,D02.705.539
jaundice,D03.383.129.308.754
jaundice,D03.383.129.539.850.777
jaundice,D03.383.129.539.850.777
jaundice,D02.033.100.291.617
jaundice,D03.661.243
jaundice,D02.705.429.812.750
jaundice,D02.033.100.624.706
jaundice,D03.383.129.308.432.555.730
jaundice,D03.383.129.308.432.555.730
jaundice,D03.383.129.308.432.555.730
jaundice,D03.383.129.308.432.555.730
jaundice,D09.408.702
jaundice,D02.455.849.291.500.510
jaundice,D02.705.539
jaundice,D01.029.260.700.675.374
jaundice,D10.570.755.375.760.400.800
jaundice,D10.570.755
jaundice,D02.241.223.805
jaundice,D02.455.426.559.847.117.159.205.400
jaundice,Y03.020
jaundice,D02.455.426.559.847.117.159.205.400
jaundice,Y03.020
jaundice,D03.132.672
jaundice,D02.540.505.810
jaundice,Y03.020
jaundice,D02.886.675.933.250
jaundice,D03.132
jaundice,D03.383.621
jaundice,D03.383.246.118
jaundice,D02.065.690
jaundice,D03.383.246.118.600
jaundice,D02.705
jaundice,D03.383.621
jaundice,D02.705.539
jaundice,D03.383.742
jaundice,D03.383.742
jaundice,D03.383.742
jaundice,D02.886.665.500
jaundice,D02.241.223.701
jaundice,D03.633.100.810
jaundice,D03.633.100.531
jaundice,D03.383.742
jaundice,D03.383.129.578
jaundice,D20.215.784.500
jaundice,D20.215.784.500
jaundice,D20.215.784
jaundice,D03.383.663.283.240
jaundice,D03.383.663.283.909
jaundice,Y03.020
jaundice,D01.268.556.690
jaundice,D02.033.455.250.700.680
jaundice,D09.408.348
jaundice,D02.455.426.559.389.150.700
jaundice,D02.455.326.271.665.550.600
jaundice,D02.455.426.559.389.657.715
jaundice,D02.455.426.559.389.657.715
jaundice,D01.220.150.650
jaundice,D02.455.426.559.847.638.930
jaundice,D02.455.426.559.847.638.930
jaundice,D02.455.426.559.847.638.930
jaundice,D04.210.500.745.432.769.795
jaundice,D04.210.500.745.432.769.795
jaundice,D04.210.500.745.745.654
jaundice,D04.210.500.745.745.654
jaundice,D04.210.500.745.745.654
jaundice,D04.210.500.745.558
jaundice,D04.210.500.745.745.725
jaundice,D02.626.080
jaundice,D04.210.500.745.745.725
jaundice,Y03.020
jaundice,D02.626.080
jaundice,D04.210.500.745.745.725
jaundice,Y03.020
jaundice,D02.626.745
jaundice,D02.626.745
jaundice,D02.626.745
jaundice,D02.065.199.092
jaundice,D03.633.100.810.050.650
jaundice,D02.241.081.944.550
jaundice,D02.065.884.625
jaundice,D02.065.277.650
jaundice,D02.241.223.100.050.500.906
jaundice,D03.383.129.308
jaundice,D03.383.129.308
jaundice,D02.886.369.639
jaundice,D03.383.773.728
jaundice,D02.455.426.100.080
jaundice,D02.455.426.100.080
jaundice,D04.210.500.745.745.654.829
jaundice,D04.210.500.745.745.654.829
jaundice,D03.383.931.674
jaundice,D02.065.277
jaundice,D02.033.455.706.725
jaundice,D02.705
jaundice,D03.383.129.799
jaundice,D03.383.129.799
jaundice,D02.033.100.624.698.711
jaundice,D02.033.100.624.698.711
jaundice,D03.132.436.681.077.650
jaundice,D02.241.223.100.300.460
jaundice,D03.383.742.698.875.842.708
jaundice,D03.383.742.698.875.842.708
jaundice,D03.383.742.698.875.842.708
jaundice,D03.383.742.698.875.842.708
jaundice,D047428
jaundice,D02.705.400.625
jaundice,D02.455.426.559.847.181.384.650
jaundice,D03.383.246.238
jaundice,D03.383.606
jaundice,D03.633.100.810.835.322
jaundice,D02.455.426.559.389.150.700
jaundice,D02.241.081.069.600.575
jaundice,D03.383.679.750
jaundice,D03.383.679.750
jaundice,D03.383.679.750
jaundice,D02.455.849.575.812
jaundice,D02.705.539
jaundice,D03.383.742
jaundice,D03.383.773
jaundice,D03.132.716
jaundice,D03.383.663.283.266.450.284.777
jaundice,D03.383.663.283.266.450.284.777
jaundice,D03.383.663.283.266.450.284.777
jaundice,D02.705.539
jaundice,D03.633.100.810
jaundice,D02.455.426.559.389.565
jaundice,D03.633.100.893
jaundice,D03.383.312.750
jaundice,D03.383.312.750
jaundice,D01.339.431
jaundice,D02.241.081.251
jaundice,D03.383.621
jaundice,D04.345.566
jaundice,D03.132.436.681.933.500
jaundice,D02.455.426.559.389.150.700.375
jaundice,D02.455.426.559.389.150.700.375
jaundice,D02.455.326.271.665.202.495.325
jaundice,D03.633.400.811.700
jaundice,D03.633.400.811.700
jaundice,D03.633.400.811.700
jaundice,D03.633.400.811.700
jaundice,D03.633.400.811.700
jaundice,D03.633.400.811.700
jaundice,D03.633.400.811.850
jaundice,D02.886.675.651
jaundice,D03.383.742.698.685
jaundice,D02.886.675.653
jaundice,D02.886.675.653
jaundice,D03.633.100.810.410
jaundice,Y03.020
jaundice,D03.383.663.283.266.450
jaundice,D02.540
jaundice,D02.886.590
jaundice,D10.627.675
jaundice,D02.886.675.933.500
jaundice,D02.065.884.650
jaundice,D02.065.884.650
jaundice,D02.540.576.500.992.630
jaundice,D03.633.100.786
jaundice,D02.455.426.559.389.150.795
jaundice,D03.132.151
jaundice,Y03.020
jaundice,D02.886.030.230
jaundice,Y03.020
jaundice,D02.455.526.510
jaundice,D02.886.030.230.259
jaundice,Y03.020
jaundice,D12.644.456.448
jaundice,Y03.020
jaundice,D02.455.849.765.750
jaundice,D03.633.100.531.770
jaundice,D03.633.100.531.770
jaundice,D03.383.246
jaundice,D02.455.426.559.389.140.450
jaundice,D02.455.426.392.368.408
jaundice,D04
jaundice,D02.455.426.559.389.140.450
jaundice,D02.455.426.392.368.408
jaundice,D04
jaundice,D02.455.426.559.389.140.450
jaundice,D02.455.426.392.368.408
jaundice,D03.383.246
jaundice,D02.455.426.559.389.140.450
jaundice,D02.455.426.392.368.408
jaundice,D03.383.742.698.253.762
jaundice,D02.033.455.125
jaundice,D02.455.426.559.389.140.450
jaundice,D01.268.185.850
jaundice,D03.132.716
jaundice,D02.355.601.810
jaundice,D02.355.601.810
jaundice,D01.268.556.812
jaundice,D03.383.663.283.266.450.268.777.500
jaundice,D03.383.663.283.266.450.268.777
jaundice,D02.455.426.559.847.638.400.900
jaundice,D02.455.426.559.847.638.400.900
jaundice,D02.455.426.559.847.638.400.900
jaundice,D02.455.426.559.847.638.400.900
jaundice,D02.540.505.760
jaundice,D01.075.025
jaundice,D01.857
jaundice,D01.075.050
jaundice,D01.857
jaundice,D01.075.050
jaundice,D01.200.275.150.100.800
jaundice,D01.220.150
jaundice,D01.220.150
jaundice,D01.210.450.150.875
jaundice,D02.705.429.750.750
jaundice,D02.455.426.559.389.703.757
jaundice,D10.212.302.380.800
jaundice,D10.212.302.380.800
jaundice,D20.280.260
jaundice,D10.570.755
jaundice,D10.212.302.380.800
jaundice,D03.383.188.712
jaundice,D02.540.679
jaundice,D02.540.679
jaundice,D02.705.429.500
jaundice,D02.948.511
jaundice,D03.383.533.640
jaundice,D03.633.400
jaundice,D04.210.500.247.808
jaundice,D02.455.849.291.239
jaundice,D02.455.426.559.389.150.700
jaundice,D02.455.426.559.389.150.700
jaundice,D02.654.692.768
jaundice,D02.654.692.768
jaundice,D02.886.030.230
jaundice,D26.310
jaundice,D12.125.481
jaundice,D02.455.849.919.530.444
jaundice,Y03.020
jaundice,D02.241.081.337.759.500
jaundice,D02.065.884.725.862
jaundice,D02.065.884.725
jaundice,D26.310
jaundice,D02.065.884.725.935.813
jaundice,D02.065.884.725.872
jaundice,D02.065.884.730
jaundice,D02.065.884.730
jaundice,D02.065.884.730
jaundice,D03.383.129.539.850.777.800
jaundice,D03.383.129.539.850.777.800
jaundice,D02.455.426.559.389.657.625.617
jaundice,D02.455.426.559.389.657.625.617
jaundice,D02.500.375
jaundice,D02.500.375
jaundice,D03.383.725
jaundice,D01.875
jaundice,D02.455.426.559.847.486.875
jaundice,D02.455.426.559.847.486.875
jaundice,D02.065.277.866
jaundice,D03.383.129.578.823
jaundice,D02.626
jaundice,D03.383.129.799
jaundice,D02.241.081.018.386.682.800
jaundice,D02.241.081.018.386.682.800
jaundice,D06.472.931.740.385
jaundice,D02.455.849.765.850.870
jaundice,D03.633.300.046.250.900
jaundice,D02.540.505.810
jaundice,D03.633.100.127
jaundice,D02.886.590
jaundice,D09.698.629.305
jaundice,D03.383.663.283.266.450.284.777
jaundice,Y03.020
jaundice,D02.455.426.559.389.150.700.900
jaundice,D02.455.426.559.389.150.700.900
jaundice,D02.455.426.559.389.150.700.900
jaundice,D02.455.426.559.389.150.700.900
jaundice,D02.065.884.863
jaundice,D02.455.426.559.847.723.590
jaundice,D03.383.742
jaundice,D03.383.129.617
jaundice,D02.455.326.146.100.850
jaundice,D02.455.326.146.100.850.875.900.875
jaundice,D02.455.326.146.100.850.875.900.875
jaundice,D02.455.326.146.100.850.875
jaundice,D02.455.326.146.100.850.875
jaundice,D02.455.326.146.100.850.875
jaundice,D02.455.326.146.100.850.875.900
jaundice,D02.455.326.146.100.850.875.925
jaundice,D02.455.326.146.100.850.875
jaundice,Y03.020
jaundice,D02.455.326.146.100.850.875.900.875
jaundice,D02.626.872
jaundice,D20.215.784.844
jaundice,D03.383.129.799
jaundice,D03.383.742.680.705.888
jaundice,D02.886.680.702
jaundice,D02.925.200.500
jaundice,D02.705.429.906
jaundice,D02.886.665.500
jaundice,Y03.020
jaundice,D02.455.426.559.847.638.953
jaundice,D02.705.539
jaundice,D03.383.931
jaundice,D03.383.931
jaundice,D02.455.426.559.389.805
jaundice,D04.210.500.054.079.429.824
jaundice,D04.210.500.054.079.429.824
jaundice,D02.455.426.559.389.185.680
jaundice,D02.455.426.559.389.261.190
jaundice,D02.626
jaundice,D02.705.400.750
jaundice,D02.455.426.559.847.562.900.875
jaundice,D02.455.426.559.847.562.900.875
jaundice,D02.455.426.559.847.562.900.875
jaundice,D02.455.849.291.500.510.850
jaundice,D02.455.849.291.500.510.850
jaundice,D02.455.849.291.500.510.850
jaundice,D03.383.312
jaundice,D02.455.849.575.812
jaundice,D02.241.223.805.810.800
jaundice,D02.241.223.805.810.800
jaundice,D02.455.426.392.368.284.500.888
jaundice,D02.886.675.840
jaundice,D02.886.675.840
jaundice,D02.886.675.840
jaundice,D03.066.515.475
jaundice,Y03.020
jaundice,D02.886.675
jaundice,D02.065.064.786
jaundice,D02.065.064.786
jaundice,D02.065.064.786
jaundice,D02.241.081.251.869
jaundice,D02.886.369.843
jaundice,D02.886.369.843
jaundice,D06.472.931.812
jaundice,D06.472.931.812
jaundice,D02.455.426.559.389.657.625.808
jaundice,Y03.020
jaundice,D02.455.426.559.389.657.625.808
jaundice,D02.241.081.844.915.162
jaundice,D06.472.931.812
jaundice,Y03.020
jaundice,D03.066.566.500
jaundice,D02.886.680.702
jaundice,D02.241.081.751
jaundice,D02.886.778.823.500
jaundice,D02.886.778.823.500
jaundice,D02.886.778.823.500
jaundice,D03.383.725
jaundice,D03.383.663.718
jaundice,D03.633.300.240
jaundice,D01.268.557.800
jaundice,D02.455.526.510
jaundice,D02.065.884
jaundice,D20.633.937.680
jaundice,D03.383.663.283.909.875
jaundice,D03.383.663.283.909
jaundice,Y03.020
jaundice,D03.383.663.283.909
jaundice,Y03.020
jaundice,D02.886.590.795.834
jaundice,D02.705.539
jaundice,D02.033.100.624.706.750
jaundice,D03.633.100.079.875
jaundice,D09.947.875.359.250.500
jaundice,D09.947.875.359.250.500
jaundice,D09.947.875.359.250.500
jaundice,D03.132.151.850
jaundice,D03.132.151.850
jaundice,D02.455.526.439.913
jaundice,D02.455.849.575.812
jaundice,D03.383.129.539
jaundice,D03.383.606.900
jaundice,D02.455.326.271.665.202.495.818.500
jaundice,D02.455.326.271.665.202.495.818.500
jaundice,D02.455.326.271.665.202.495.818.500
jaundice,D02.705
jaundice,D03.383.129.799
jaundice,D03.383.129.799
jaundice,D02.455.426.559.389.185.680
jaundice,D02.241.081.901.434
jaundice,D02.705.400
jaundice,D02.691.850.900
jaundice,D02.092.570.394
jaundice,D02.092.570.394
jaundice,D02.355.726.900
